month,belont,bequia,botanical-gardens,capden-park-exp.-station/pebroke,canouan,dubarton,layou,et-office/arnosvale,ustique,rabacca,rivulet,three-rivers,union-island,wallilabou
1970-01-01 00:00:00,72.14,75.18,169.16,94.23,72.90,174.75,66.8,,,,141.99,103.38,107.70,40.89
1970-02-01 00:00:00,84.84,33.27,89.92,35.81,59.69,191.52,27.18,,,,75.18,95.50,71.37,43.94
1970-03-01 00:00:00,72.90,54.10,86.87,34.54,36.58,141.48,22.1,,,,,48.51,80.26,27.43
1970-04-01 00:00:00,43.43,34.54,59.18,36.58,18.03,107.19,46.48,,,,,58.67,34.80,29.72
1970-05-01 00:00:00,113.54,77.47,114.30,91.69,61.72,121.41,42.42,,,,78.49,86.61,117.86,82.55
1970-06-01 00:00:00,395.48,299.72,305.56,240.79,220.98,248.92,467.11,,,,295.40,264.92,234.70,358.39
1970-07-01 00:00:00,422.91,366.01,419.35,344.17,279.91,560.07,447.04,,,,303.02,398.78,331.98,514.86
1970-08-01 00:00:00,289.31,215.39,217.93,210.82,197.87,425.7,180.34,,,,250.95,224.28,49.19,236.73
1970-09-01 00:00:00,252.98,179.83,193.55,213.61,163.07,359.41,156.21,,,,,214.63,276.35,263.91
1970-10-01 00:00:00,283.46,183.90,371.09,314.45,178.56,472.69,225.04,,,,,631.70,408.94,341.63
1970-11-01 00:00:00,90.42,166.12,260.10,142.24,155.96,242.82,38.35,,,,217.93,374.40,291.85,98.81
1970-12-01 00:00:00,286.26,217.17,67.28,221.49,114.81,346.96,394.21,,,,251.71,238.25,144.02,304.80
1971-01-01 00:00:00,140.97,79.50,183.13,153.92,23.62,202.69,251.97,,,,163.07,138.68,70.87,118.11
1971-02-01 00:00:00,161.80,118.62,166.88,145.29,91.19,131.57,34.54,,,,132.33,103.38,73.91,153.92
1971-03-01 00:00:00,129.03,35.56,105.41,59.18,67.56,44.96,28.19,,,,73.41,138.68,43.94,64.26
1971-04-01 00:00:00,22.10,21.84,29.46,35.81,5.59,63.75,6.86,,,,38.10,43.18,8.89,8.13
1971-05-01 00:00:00,107.70,56.90,165.86,119.89,44.45,241.55,94.74,,,,202.69,212.85,115.57,80.01
1971-06-01 00:00:00,129.03,48.77,109.73,75.44,18.29,52.58,51.31,,,,45.97,60.71,22.86,155.19
1971-07-01 00:00:00,200.41,135.13,206.50,172.97,74.63,102.62,217.68,,,,187.96,165.10,108.46,212.09
1971-08-01 00:00:00,436.12,258.57,191.77,163.58,,268.73,320.8,,,,199.90,320.80,212.60,377.95
1971-09-01 00:00:00,,213.61,248.16,,,284.48,213.61,,,,223.01,311.15,217.93,307.34
1971-10-01 00:00:00,,229.36,308.86,301.24,,247.9,307.59,,,,287.78,237.49,219.46,343.41
1971-11-01 00:00:00,,319.02,205.49,182.63,,294.89,145.29,,,,272.80,,146.30,214.80
1971-12-01 00:00:00,,319.53,226.31,144.78,,250.19,165.35,,,,281.94,211.58,144.78,179.83
1972-01-01 00:00:00,297.69,214.38,199.14,150.37,,195.07,146.56,,,,152.15,217.68,171.96,282.70
1972-02-01 00:00:00,104.65,161.54,146.56,98.04,,168.91,60.45,,,,111.76,162.05,172.97,100.84
1972-03-01 00:00:00,43.69,85.60,91.69,50.29,,85.09,40.39,,,,72.64,118.36,45.47,31.24
1972-04-01 00:00:00,81.28,33.53,116.08,72.90,,97.79,60.71,,,,78.99,89.15,111.00,56.13
1972-05-01 00:00:00,30.23,44.45,105.16,46.23,,80.77,25.91,,,,95.25,122.43,40.64,29.72
1972-06-01 00:00:00,131.83,51.82,120.40,73.91,,126.75,98.55,,,,89.66,48.26,59.94,88.39
1972-07-01 00:00:00,350.77,187.45,286.51,247.65,,223.98,246.13,,,,194.06,256.54,148.59,397.00
1972-08-01 00:00:00,338.58,167.13,377.19,286.00,,287.78,231.9,,,,229.36,264.16,171.70,391.16
1972-09-01 00:00:00,229.62,63.50,224.28,190.50,,189.74,185.17,,,,130.81,86.11,36.83,201.93
1972-10-01 00:00:00,165.86,96.01,248.67,147.32,,261.11,228.09,,,,308.86,96.27,127.25,203.20
1972-11-01 00:00:00,,185.93,251.46,213.61,,195.07,114.3,,,,146.56,0.00,64.01,173.99
1972-12-01 00:00:00,,65.79,245.62,175.77,,238.51,168.91,,,,182.63,0.00,114.55,119.13
1973-01-01 00:00:00,98.30,90.93,139.19,108.71,,325.12,90.93,,,,,0.00,105.66,75.95
1973-02-01 00:00:00,78.49,72.64,132.59,95.00,,146.05,82.8,,,,,0.00,59.69,55.63
1973-03-01 00:00:00,31.24,10.92,45.21,28.45,,73.91,55.88,,,,,0.00,11.43,37.85
1973-04-01 00:00:00,64.01,69.34,113.03,65.28,,86.36,20.57,,,,,0.00,0.00,39.37
1973-05-01 00:00:00,82.04,47.50,84.58,43.69,,45.97,48.26,,,,,0.00,53.09,40.89
1973-06-01 00:00:00,228.85,132.08,221.74,179.83,,163.83,201.93,,,,,0.00,62.74,172.72
1973-07-01 00:00:00,134.11,54.61,92.20,108.71,,162.05,91.44,,,,,0.00,58.93,106.93
1973-08-01 00:00:00,155.45,89.41,246.38,,,202.44,245.36,,,,,0.00,162.81,152.65
1973-09-01 00:00:00,168.91,82.80,194.82,108.97,,215.14,176.78,,,,,0.00,263.91,189.99
1973-10-01 00:00:00,293.62,202.95,412.24,317.25,,283.72,359.66,,,,,0.00,236.22,499.87
1973-11-01 00:00:00,199.39,153.92,356.36,242.32,,372.87,207.77,,,,,0.00,227.84,194.56
1973-12-01 00:00:00,75.95,32.77,97.79,46.99,,75.18,45.47,,,,,0.00,,56.64
1974-01-01 00:00:00,244.35,64.80,279.65,,,92.71,154,,,,,0.00,95.50,165.00
1974-02-01 00:00:00,121.92,53.80,191.77,134.87,,134.62,129,,,,,0.00,19.30,102.00
1974-03-01 00:00:00,154.94,88.10,159.77,122.43,,205.49,100,,,,,0.00,136.00,141.00
1974-04-01 00:00:00,93.22,19.30,180.59,74.17,,79.76,66,,,,,0.00,16.30,36.30
1974-05-01 00:00:00,497.84,277.00,562.86,424.43,,458.47,372,,,,,0.00,0.00,293.00
1974-06-01 00:00:00,104.14,57.20,123.95,,,68.07,80.8,,,,,0.00,60.20,
1974-07-01 00:00:00,186.69,137.00,171.20,,,138.87,152,,,,,0.00,167.00,
1974-08-01 00:00:00,271.27,86.10,282.45,199.14,,213.36,224,,,,,0.00,200.00,220.00
1974-09-01 00:00:00,270.51,150.00,243.84,,,245.36,159,,,,,0.00,80.30,241.00
1974-10-01 00:00:00,258.32,178.00,348.23,,,272.03,207,,,,,0.00,262.00,264.00
1974-11-01 00:00:00,198.63,211.00,267.72,,,305.05,286,,,,,0.00,176.00,
1974-12-01 00:00:00,164.34,101.00,154.43,,,154.18,165,,,,,0.00,72.90,
1975-01-01 00:00:00,162.31,55.88,91.69,70.87,,74.42,116.33,,,,76.45,91.95,55.88,91.19
1975-02-01 00:00:00,86.12,52.58,82.55,65.28,,86.11,54.1,,,,44.70,39.62,60.71,38.10
1975-03-01 00:00:00,56.39,22.86,74.68,33.02,,70.36,22.86,,,,25.91,56.64,26.92,19.05
1975-04-01 00:00:00,97.03,71.63,104.39,48.77,,179.07,60.71,,,,126.75,180.09,58.17,80.26
1975-05-01 00:00:00,45.72,18.80,70.36,43.94,,75.69,60.96,,,,34.54,35.05,40.64,30.73
1975-06-01 00:00:00,77.98,35.81,116.08,100.84,,84.07,61.72,,,,64.52,56.90,41.15,58.42
1975-07-01 00:00:00,48.26,34.80,66.80,45.21,,75.18,31.24,,,,33.78,34.80,51.82,49.53
1975-08-01 00:00:00,309.37,261.87,290.58,286.26,,293.88,324.87,,,,183.90,323.09,366.78,386.33
1975-09-01 00:00:00,268.22,137.67,253.49,229.62,,312.17,200.15,,,,232.16,255.52,133.86,243.59
1975-10-01 00:00:00,443.23,336.55,478.03,393.45,,636.52,503.94,,,,319.53,402.34,226.57,584.45
1975-11-01 00:00:00,235.97,146.81,421.39,219.46,,267.46,181.1,,,,167.39,351.28,272.80,130.30
1975-12-01 00:00:00,173.74,188.21,201.42,108.46,,321.06,181.86,,,,164.59,188.98,175.01,146.81
1976-01-01 00:00:00,101.35,95.50,141.00,48.26,,882.65,76.2,,,,79.50,105.92,47.75,32.00
1976-02-01 00:00:00,121.67,90.17,118.00,70.61,,202.18,30.48,,,,115.57,0.00,169.16,64.77
1976-03-01 00:00:00,130.56,20.83,137.00,84.58,,111,88.9,,,,56.90,0.00,144.53,40.39
1976-04-01 00:00:00,46.48,21.84,37.60,35.05,,25.65,36.58,,,,9.91,0.00,68.07,27.69
1976-05-01 00:00:00,100.58,79.50,108.00,27.69,,109.47,37.08,,,,73.91,0.00,70.36,33.78
1976-06-01 00:00:00,249.68,51.31,194.00,155.19,,236.22,120.65,,,,107.19,142.75,113.03,158.75
1976-07-01 00:00:00,313.44,121.67,271.00,,,333.25,247.4,,,,152.91,122.68,116.08,265.18
1976-08-01 00:00:00,363.98,183.64,224.00,,,229.11,218.95,,,,141.48,271.27,74.68,232.66
1976-09-01 00:00:00,316.23,140.21,313.00,125.22,,253.75,311.15,,,,246.38,0.00,197.61,315.98
1976-10-01 00:00:00,160.53,169.42,324.00,175.26,,216.41,201.93,,,,358.19,0.00,145.54,157.48
1976-11-01 00:00:00,374.90,116.33,337.00,220.73,,456.44,243.84,,,,133.10,0.00,174.24,219.71
1976-12-01 00:00:00,565.15,253.75,427.00,361.95,,410.46,386.33,,,,321.56,0.00,242.32,394.72
1977-01-01 00:00:00,5.08,20.57,42.67,25.15,,57.91,23.11,,,,43.69,27.18,17.27,13.97
1977-02-01 00:00:00,73.41,4.06,74.17,43.94,,37.59,33.27,,,,27.94,40.64,88.90,30.99
1977-03-01 00:00:00,36.58,,29.21,14.48,,19.56,0.25,,,,12.70,10.16,63.75,12.19
1977-04-01 00:00:00,90.17,62.48,145.54,49.78,,224.79,63.75,,,,159.00,214.38,22.86,61.98
1977-05-01 00:00:00,78.74,58.17,128.52,79.76,,209.04,62.23,,,,112.01,178.82,83.82,56.90
1977-06-01 00:00:00,129.54,107.19,128.52,73.41,,90.17,105.16,,,,62.74,119.38,215.39,69.60
1977-07-01 00:00:00,302.26,133.86,187.96,124.46,,175.26,184.91,,,,100.58,98.04,106.43,191.01
1977-08-01 00:00:00,421.89,141.22,311.40,281.43,,439.17,311.66,,,,196.85,196.34,124.21,227.08
1977-09-01 00:00:00,406.91,262.64,167.89,164.08,,188.98,137.41,,,,152.40,192.79,266.95,170.18
1977-10-01 00:00:00,519.94,348.49,481.08,448.82,,541.27,334.01,,,,437.90,540.00,238.51,281.18
1977-11-01 00:00:00,458.98,197.87,293.88,301.50,,417.83,201.68,,,,316.74,466.60,296.67,233.43
1977-12-01 00:00:00,101.60,86.11,104.39,,,81.53,127.25,,,,52.58,61.21,75.44,96.27
1978-01-01 00:00:00,79.50,48.01,104.14,76.20,,102.62,48.01,,,,37.85,150.11,37.34,35.81
1978-02-01 00:00:00,28.70,0.00,33.02,33.27,,41.15,33.27,,,,23.62,21.34,2.79,16.51
1978-03-01 00:00:00,91.44,54.36,110.49,97.28,,81.53,84.07,,,,24.64,68.58,54.36,86.11
1978-04-01 00:00:00,77.98,49.78,136.40,93.98,,149.1,51.31,,,,97.54,161.29,27.94,34.80
1978-05-01 00:00:00,101.09,50.80,122.17,96.01,,181.61,69.09,,,,52.07,98.04,30.99,69.34
1978-06-01 00:00:00,409.70,267.97,191.77,217.17,,230.38,286.77,,,,212.85,175.01,157.48,265.94
1978-07-01 00:00:00,473.71,271.78,266.95,268.48,,395.73,310.39,,,,239.78,146.30,482.60,354.08
1978-08-01 00:00:00,485.90,283.97,267.21,214.12,,314.71,278.38,,,,256.03,348.23,465.84,311.91
1978-09-01 00:00:00,158.75,182.88,159.51,163.58,,194.56,154.43,,,,178.31,299.47,86.36,113.79
1978-10-01 00:00:00,349.00,229.62,507.49,392.18,,305.56,467.36,,,,212.34,190.25,180.09,364.24
1978-11-01 00:00:00,267.21,167.39,270.26,217.17,,354.33,163.58,,,,169.67,519.43,445.26,226.06
1978-12-01 00:00:00,244.86,99.82,142.75,167.64,,193.55,136.4,,,,76.45,192.02,54.61,288.29
1979-01-01 00:00:00,54.61,26.67,52.07,51.31,,67.56,36.83,20.40,,,14.22,39.62,130.81,30.23
1979-02-01 00:00:00,129.03,26.92,68.83,61.98,,59.69,33.02,28.90,,,50.80,42.67,19.05,62.23
1979-03-01 00:00:00,75.44,56.13,139.70,105.16,,194.82,39.12,99.80,,,48.26,199.39,118.11,91.44
1979-04-01 00:00:00,16.00,66.80,86.87,49.53,,77.72,15,53.00,,,35.56,158.24,132.33,20.32
1979-05-01 00:00:00,145.29,91.44,107.70,48.51,,89.15,46.48,61.00,,,23.11,124.46,80.01,30.48
1979-06-01 00:00:00,499.30,280.42,359.41,350.01,,445.77,404.88,301.00,,,276.86,388.62,180.34,468.88
1979-07-01 00:00:00,572.52,367.79,439.93,454.41,,474.73,285.24,321.00,,,435.36,383.29,558.80,461.77
1979-08-01 00:00:00,517.91,283.72,339.60,346.46,,373.38,340.12,342.00,,,289.05,209.30,418.59,280.42
1979-09-01 00:00:00,163.83,63.50,140.21,153.16,,147.07,108.46,89.00,,,78.49,109.22,204.47,161.04
1979-10-01 00:00:00,427.23,315.47,362.20,328.17,,410.72,313.44,180.00,,,210.57,388.62,312.67,169.93
1979-11-01 00:00:00,661.67,522.22,312.42,379.22,,642.37,404.37,295.00,,,387.60,400.05,339.34,412.75
1979-12-01 00:00:00,298.96,160.27,141.73,149.10,,303.78,149.86,133.40,,,277.62,278.13,372.36,159.26
1980-01-01 00:00:00,215.90,175.51,236.98,191.52,,256.29,180.09,174.00,157.48,,211.33,236.47,154.43,145.54
1980-02-01 00:00:00,136.65,67.56,122.17,75.95,,89.66,53.59,113.10,30.48,,71.63,61.98,100.33,41.91
1980-03-01 00:00:00,116.08,26.67,72.64,71.37,,55.88,62.48,86.20,20.32,,42.67,66.04,29.46,37.08
1980-04-01 00:00:00,68.58,39.12,95.00,69.34,,117.6,40.64,40.80,69.43,,85.85,62.48,16.51,6.10
1980-05-01 00:00:00,122.94,77.47,259.08,57.15,,80.01,69.34,56.80,35.56,,39.12,72.39,20.32,28.70
1980-06-01 00:00:00,485.90,122.43,186.69,209.55,,213.61,220.98,152.50,127.00,,131.06,68.33,220.98,289.56
1980-07-01 00:00:00,372.11,178.05,170.69,203.20,,219.71,207.77,210.90,106.68,,142.75,164.59,125.73,193.04
1980-08-01 00:00:00,650.75,267.46,447.55,518.67,,531.62,479.55,175.30,142.24,,424.94,521.97,261.11,561.85
1980-09-01 00:00:00,295.15,254.25,222.00,199.64,,276.1,180.59,327.10,254.00,,252.22,192.28,72.64,129.29
1980-10-01 00:00:00,361.70,230.63,192.79,239.01,,263.91,232.66,185.70,147.32,,85.09,240.28,204.72,210.06
1980-11-01 00:00:00,241.30,216.41,135.64,158.24,,187.2,165.86,159.40,116.84,,169.42,182.63,58.93,157.73
1980-12-01 00:00:00,224.79,274.57,200.66,212.34,,165.86,205.49,225.10,124.46,,201.42,184.66,180.59,213.11
1981-01-01 00:00:00,128.52,92.71,110.24,120.14,,175.77,89.15,128.40,71.12,,121.41,22.86,29.21,87.38
1981-02-01 00:00:00,218.44,156.72,166.37,140.97,,229.36,83.31,150.00,86.36,,129.79,59.94,37.34,148.08
1981-03-01 00:00:00,25.65,23.37,48.77,7.11,,42.93,35.05,40.90,12.70,,20.07,32.77,8.13,12.19
1981-04-01 00:00:00,309.88,363.22,363.98,345.95,,539.5,332.49,301.10,182.88,,464.82,193.55,162.05,312.42
1981-05-01 00:00:00,260.36,100.33,195.83,194.56,,223.01,167.39,142.00,88.90,,148.59,191.26,160.53,111.00
1981-06-01 00:00:00,234.19,164.85,91.44,57.66,,167.39,172.72,200.10,144.78,,95.00,220.47,74.42,140.21
1981-07-01 00:00:00,440.69,142.24,161.29,238.00,,262.13,224.28,232.60,111.76,,163.58,391.41,61.72,309.12
1981-08-01 00:00:00,419.10,211.07,143.26,249.17,,270,268.22,200.20,0.00,,236.98,269.75,101.60,320.80
1981-09-01 00:00:00,194.31,114.30,108.71,147.32,,116.33,120.9,103.40,0.00,,95.50,191.52,76.20,162.56
1981-10-01 00:00:00,271.02,98.55,90.93,74.93,,138.94,102.11,74.60,0.00,,66.29,136.65,63.50,91.69
1981-11-01 00:00:00,263.40,85.60,115.57,157.23,,251.21,183.39,198.10,0.00,,237.74,206.76,66.04,152.91
1981-12-01 00:00:00,233.68,132.84,149.61,240.54,,198.63,253.24,263.00,0.00,,154.94,231.14,115.32,230.63
1982-01-01 00:00:00,220.22,,86.87,73.41,,124.01,104.14,88.60,0.00,,59.94,119.38,,84.84
1982-02-01 00:00:00,236.73,,137.16,157.99,,192.54,103.89,123.30,0.00,,97.03,71.63,,125.22
1982-03-01 00:00:00,120.40,,45.97,62.23,,59.19,91.44,32.30,0.00,,14.22,3.05,,56.90
1982-04-01 00:00:00,106.93,,131.83,76.96,,90.93,34.54,89.80,0.00,,57.07,223.77,,60.45
1982-05-01 00:00:00,70.36,,64.01,49.28,,144.53,57.15,58.00,0.00,,21.84,238.25,,71.63
1982-06-01 00:00:00,214.12,,65.28,68.33,,98.86,72.39,52.70,0.00,,48.01,72.90,,118.36
1982-07-01 00:00:00,484.12,,140.21,158.75,,191.18,111.25,167.40,76.20,,158.75,209.55,,144.02
1982-08-01 00:00:00,434.85,,272.80,322.58,,369.83,366.78,328.00,152.40,,265.94,209.55,,282.19
1982-09-01 00:00:00,305.31,,268.73,204.22,,304.04,141.73,160.70,116.84,,127.51,323.09,,219.96
1982-10-01 00:00:00,353.06,,204.22,206.76,,353.96,262.13,323.30,121.92,,161.04,290.32,,217.17
1982-11-01 00:00:00,311.66,,145.29,253.24,,232.93,249.94,191.60,124.92,,144.02,300.23,,205.23
1982-12-01 00:00:00,143.00,,101.85,67.56,,190.26,162.56,176.50,45.72,,90.68,243.33,,57.15
1983-01-01 00:00:00,198.63,,149.86,46.48,,205.24,85.85,157.20,17.78,,108.20,140.21,,
1983-02-01 00:00:00,15.75,,17.02,14.22,,8.63,3.56,23.80,0.00,,11.18,0.00,,
1983-03-01 00:00:00,53.09,,38.61,35.81,,90.68,2.03,67.90,0.00,,63.50,41.66,,
1983-04-01 00:00:00,4.83,,39.88,37.59,,88.14,4.06,43.70,0.00,,23.11,55.12,,
1983-05-01 00:00:00,222.00,,137.67,96.27,,249.94,164.08,144.20,53.34,,130.81,313.69,,
1983-06-01 00:00:00,274.32,,24.71,126.49,,161.8,311.4,124.20,111.76,,339.27,221.49,,
1983-07-01 00:00:00,621.28,,324.61,309.88,,328.44,367.54,309.80,109.22,,116.59,403.61,,
1983-08-01 00:00:00,295.15,,187.45,163.07,,233.08,200.15,163.00,142.24,,220.73,197.87,,
1983-09-01 00:00:00,521.72,,191.52,295.91,,342.9,405.64,296.00,241.30,,147.32,0.00,,
1983-10-01 00:00:00,138.43,,121.92,180.59,,151.89,39.62,180.60,48.26,,112.27,0.00,,
1983-11-01 00:00:00,158.50,,210.31,146.30,,202.94,63.5,146.30,63.50,,145.03,0.00,,
1983-12-01 00:00:00,197.61,,189.99,222.25,,318.79,241.81,222.30,40.64,,,0.00,,
1984-01-01 00:00:00,190.25,,126.49,154.18,,311.92,143,180.20,0.00,,102.87,194.57,,
1984-02-01 00:00:00,55.88,,76.71,76.96,,103.13,6.35,133.00,17.78,,68.33,81.03,,
1984-03-01 00:00:00,108.97,,89.66,92.46,,130.31,48.77,120.00,48.26,,75.69,0.00,,
1984-04-01 00:00:00,17.02,,17.78,10.41,,51.32,5.08,40.60,0.00,,22.61,39.62,,
1984-05-01 00:00:00,99.31,,72.39,38.10,,124.21,81.03,93.60,27.94,,35.05,111.01,,
1984-06-01 00:00:00,144.02,,59.69,62.74,,183.13,102.11,111.50,55.88,,74.93,374.66,,
1984-07-01 00:00:00,341.63,,249.94,259.33,,251.72,246.63,265.90,172.72,,195.83,218.18,,
1984-08-01 00:00:00,228.35,,177.04,161.04,,252.23,178.05,199.70,134.62,,137.92,178.06,,
1984-09-01 00:00:00,279.91,,142.49,227.33,,209.81,219.46,189.60,127.00,,225.30,192.80,,
1984-10-01 00:00:00,318.01,,142.49,170.69,,252.73,271.78,228.30,170.18,,140.72,224.30,,
1984-11-01 00:00:00,354.33,,158.50,230.12,,462.79,226.06,246.80,182.88,,267.72,608.84,,
1984-12-01 00:00:00,65.28,,77.47,86.87,,77.22,104.14,117.90,35.56,,96.52,117.35,,
1985-01-01 00:00:00,158.75,,127.25,85.85,,216.92,95.76,113.20,27.94,,98.55,152.40,,45.97
1985-02-01 00:00:00,119.38,,100.33,112.52,,159.26,66.29,94.00,27.94,,67.06,108.97,,43.43
1985-03-01 00:00:00,34.80,,76.71,52.83,,123.95,14.73,90.10,0.00,,54.86,79.50,,20.83
1985-04-01 00:00:00,77.47,,90.68,76.71,,260.86,35.31,101.70,76.20,,116.33,504.70,,107.95
1985-05-01 00:00:00,65.79,,107.44,62.48,,108.2,93.98,110.00,12.70,,53.85,184.40,,52.83
1985-06-01 00:00:00,189.99,,89.92,84.84,,171.96,73.91,157.00,53.34,,106.68,148.34,,97.28
1985-07-01 00:00:00,414.53,,126.75,210.82,,292.35,257.81,243.20,124.46,,200.19,116.84,,238.51
1985-08-01 00:00:00,309.88,,77.72,178.31,,316.48,367.28,236.00,68.58,,186.44,79.76,,286.51
1985-09-01 00:00:00,275.08,,83.31,111.25,,229.62,229.36,156.10,104.14,,196.34,185.42,,80.01
1985-10-01 00:00:00,460.76,,251.97,372.87,,409.45,313.94,399.80,17.78,,155.52,349.50,,309.37
1985-11-01 00:00:00,356.87,,250.44,180.09,,387.35,215.14,248.50,99.06,,253.75,253.24,,303.02
1985-12-01 00:00:00,155.45,,430.02,205.49,,609.85,196.6,238.30,101.60,,148.34,240.79,,277.62
1986-01-01 00:00:00,101.09,,157.99,82.55,,164.08,231.39,128.10,10.16,,74.93,74.68,,107.19
1986-02-01 00:00:00,21.84,,57.91,48.51,,92.96,88.14,70.20,12.70,,43.69,457.71,,0.76
1986-03-01 00:00:00,54.86,,83.82,36.32,,111.76,54.86,68.90,10.16,,48.01,95.00,,71.37
1986-04-01 00:00:00,103.12,,140.97,66.29,,168.66,39.62,86.80,15.24,,53.85,55.37,,102.62
1986-05-01 00:00:00,76.20,,50.04,17.78,,97.03,400.3,79.00,30.48,,46.23,43.69,,52.83
1986-06-01 00:00:00,323.09,,293.62,166.62,,386.08,0,239.00,73.66,,164.59,356.11,,158.75
1986-07-01 00:00:00,34.29,,200.41,135.13,,234.44,125.98,171.90,43.18,,144.78,128.02,,116.84
1986-08-01 00:00:00,354.58,,258.83,166.88,,292.86,230.38,235.90,200.66,,167.64,164.34,,293.62
1986-09-01 00:00:00,397.51,,418.34,403.86,,458.22,506.98,424.80,256.54,,281.69,305.31,,558.55
1986-10-01 00:00:00,214.88,,137.92,189.99,,221.74,134.11,227.10,121.92,,191.01,188.21,,226.31
1986-11-01 00:00:00,408.43,,209.80,248.92,,326.14,138.68,288.10,175.26,,165.10,163.58,,242.06
1986-12-01 00:00:00,190.50,,97.79,139.95,,189.48,125.73,108.60,12.70,,65.28,178.31,,164.59
1987-01-01 00:00:00,89.66,,105.41,79.25,,117.86,,96.10,114.30,,108.97,12.70,,140.97
1987-02-01 00:00:00,28.19,,36.32,25.40,,28.96,,18.50,0.00,,10.67,25.91,,8.89
1987-03-01 00:00:00,5.84,,9.91,4.83,,25.65,,16.70,0.00,,6.86,1.02,,18.80
1987-04-01 00:00:00,4.83,,27.94,9.14,,4.57,7.87,9.50,0.00,,8.89,10.16,,9.40
1987-05-01 00:00:00,234.19,,129.79,83.57,,232.66,67.31,132.30,106.68,,102.62,132.59,,266.70
1987-06-01 00:00:00,311.15,,341.12,332.49,,386.59,146.05,340.60,149.86,,245.11,172.72,,303.53
1987-07-01 00:00:00,260.60,,113.54,143.76,,194.82,133.6,151.50,93.98,,98.04,260.35,,581.66
1987-08-01 00:00:00,319.53,,269.49,263.65,,209.04,69.85,225.60,78.74,,77.22,180.34,,227.58
1987-09-01 00:00:00,566.67,,334.01,379.73,,401.83,223.52,357.80,254.00,,224.28,289.56,,365.76
1987-10-01 00:00:00,249.43,,222.00,190.75,,287.27,128.02,188.80,170.18,,157.99,314.96,,236.22
1987-11-01 00:00:00,262.89,,427.74,355.09,,672.59,344.68,345.40,266.70,,301.50,727.96,,
1987-12-01 00:00:00,137.92,,195.07,166.12,,169.7,142.75,228.40,60.96,,238.51,192.28,,
1988-01-01 00:00:00,203.96,,172.72,,,235.2,172.47,129.10,30.48,,24.64,181.36,,
1988-02-01 00:00:00,102.62,,137.92,,,128.02,60.45,109.40,33.02,,80.01,82.30,,
1988-03-01 00:00:00,63.25,,125.48,,,182.37,80.01,90.50,0.00,,89.92,103.63,,
1988-04-01 00:00:00,23.88,,57.66,,,71.63,17.78,42.00,177.80,,22.10,68.83,,
1988-05-01 00:00:00,89.92,,119.38,,,222,51.82,91.50,58.42,,104.14,69.60,,
1988-06-01 00:00:00,273.56,,201.17,,,322.07,245.87,206.80,86.36,,211.07,132.33,,
1988-07-01 00:00:00,376.17,,288.54,,,246.38,,283.10,116.84,,206.76,99.57,,
1988-08-01 00:00:00,569.72,,329.69,,,368.55,275.08,357.20,223.52,,378.71,213.61,,
1988-09-01 00:00:00,616.20,,389.38,,,308.61,359.92,286.70,297.18,,300.48,368.81,,
1988-10-01 00:00:00,640.84,,553.97,,,669.8,203.45,484.10,335.28,,635.25,1040.89,,
1988-11-01 00:00:00,651.26,,314.20,,,373.89,-,290.80,76.20,,244.86,341.88,,
1988-12-01 00:00:00,86.61,,155.45,,,109.73,35.31,131.00,20.32,,165.10,176.78,,
1989-01-01 00:00:00,151.89,,149.10,,,209.8,,119.70,33.02,,87.50,186.94,,101.09
1989-02-01 00:00:00,174.24,,183.39,,,181.61,,14.70,22.86,,125.31,229.36,,101.09
1989-03-01 00:00:00,96.52,,226.57,,,303.02,,238.10,160.02,,197.05,212.60,,65.79
1989-04-01 00:00:00,93.73,,89.92,,,255.52,,91.90,63.50,,117.30,330.45,,101.60
1989-05-01 00:00:00,10.92,,37.85,,,97.03,,30.90,0.00,,34.15,401.32,,1.02
1989-06-01 00:00:00,203.45,,166.62,,,136.65,,107.70,81.28,,85.30,703.58,,131.32
1989-07-01 00:00:00,416.81,,291.08,,,365.51,,276.40,124.46,,258.50,1836.42,,339.60
1989-08-01 00:00:00,195.07,,220.22,,,450.09,,176.70,38.10,,232.90,2055.88,,171.70
1989-09-01 00:00:00,380.24,,296.67,,,395.73,,278.00,233.68,,289.30,448.06,,221.74
1989-10-01 00:00:00,139.45,,133.60,,,222.25,,176.30,45.72,,174.40,179.32,,
1989-11-01 00:00:00,192.28,,256.79,,,407.92,,218.30,167.64,,340.60,1069.34,,155.19
1989-12-01 00:00:00,103.12,,221.49,,,314.71,,207.30,137.16,,186.80,510.54,,23.11
1990-01-01 00:00:00,110.49,,217.68,,,180.59,53.09,173.90,33.02,,142.00,0.00,,109.47
1990-02-01 00:00:00,84.33,,110.49,,,161.54,60.96,84.20,10.16,,54.20,115.82,,29.97
1990-03-01 00:00:00,63.50,,83.57,,,124.71,40.89,70.60,7.62,,78.20,144.53,,30.99
1990-04-01 00:00:00,71.88,,170.18,,,251.71,39.88,124.20,66.04,,93.70,62.74,,44.70
1990-05-01 00:00:00,142.49,,180.09,,,451.61,-,262.20,182.88,,259.30,290.07,,130.05
1990-06-01 00:00:00,309.12,,299.97,,,386.08,115.82,291.90,175.26,,227.30,187.20,,153.42
1990-07-01 00:00:00,248.16,,200.66,,,234.44,204.72,197.10,182.88,,189.80,224.03,,189.99
1990-08-01 00:00:00,294.89,,208.03,,,292.86,192.27,192.60,149.86,,144.20,286.51,,193.04
1990-09-01 00:00:00,290.32,,368.81,,,458.22,72.9,239.60,78.74,,285.95,326.90,,205.99
1990-10-01 00:00:00,366.52,,370.59,,,221.74,177.04,367.20,144.78,,256.90,417.83,,236.22
1990-11-01 00:00:00,276.86,,261.62,,,326.14,129.79,177.60,55.88,,129.40,223.52,,157.73
1990-12-01 00:00:00,81.28,,108.20,,,189.48,87.63,107.10,10.16,,76.40,175.01,,95.50
1991-01-01 00:00:00,166.88,,90.93,,,79.5,,73.00,17.78,,68.50,140.21,,78.99
1991-02-01 00:00:00,66.55,,91.44,,,61.72,,105.70,0.00,,69.70,126.49,,41.91
1991-03-01 00:00:00,57.66,,96.27,,,164.34,,123.90,20.32,,74.30,82.80,,73.66
1991-04-01 00:00:00,142.49,,234.19,,,158.5,,137.50,170.18,,156.90,99.82,,109.98
1991-05-01 00:00:00,22.86,,62.48,,,83.82,,64.80,0.00,,49.10,96.52,,44.96
1991-06-01 00:00:00,149.10,,128.78,,,148.84,,115.20,55.88,,111.90,132.84,,85.85
1991-07-01 00:00:00,274.32,,267.46,,,204.72,,252.70,,,207.60,183.39,,157.48
1991-08-01 00:00:00,204.22,,177.80,,,201.68,,225.20,76.20,,169.18,207.26,,197.61
1991-09-01 00:00:00,177.80,,256.03,,,310.39,,243.30,88.90,,207.90,225.81,,226.82
1991-10-01 00:00:00,109.47,,171.20,,,191.52,,109.60,63.50,,178.05,205.74,,113.79
1991-11-01 00:00:00,734.06,,570.48,,,373.63,,651.10,444.50,,500.80,922.53,,490.47
1991-12-01 00:00:00,66.80,,80.77,,,133.6,,104.10,20.32,,46.70,45.97,,107.19
1992-01-01 00:00:00,161.80,,135.38,,,162.05,,109.50,10.16,,63.60,135.64,,
1992-02-01 00:00:00,171.96,,124.21,,,172.97,,123.10,7.62,,89.00,20.07,,
1992-03-01 00:00:00,16.00,,35.81,,,63.5,,35.40,7.62,,66.80,26.42,,
1992-04-01 00:00:00,40.39,,136.91,,,135.64,,73.20,0.00,,77.00,108.97,,
1992-05-01 00:00:00,127.51,,109.73,,,187*,,103.60,0.00,,130.15,163.58,,
1992-06-01 00:00:00,149.10,,307.59,,,282.45,,302.60,355.60,,238.10,172.21,,
1992-07-01 00:00:00,274.32,,230.12,,,242.06,,168.40,66.04,,156.50,168.91,,
1992-08-01 00:00:00,204.22,,252.22,,,236.47,,208.60,195.58,,168.33,203.71,,
1992-09-01 00:00:00,372.62,,63.75,,,369.27,,384.60,193.04,,284.60,284.48,,
1992-10-01 00:00:00,109.47,,116.33,,,127.76,,132.80,12.70,,71.10,97.03,,
1992-11-01 00:00:00,734.06,,515.62,,,648.72,,557.30,276.86,,537.70,667.51,,
1992-12-01 00:00:00,176.78,,145.54,,,220.98,,152.30,93.98,,236.20,112.78,,
1993-01-01 00:00:00,106.60,,206.25,178.82,,430.53,,211.90,38.10,,148.40,211.10,143.76,
1993-02-01 00:00:00,64.10,,81.79,52.32,,136.65,,67.10,0.00,,60.80,157.50,30.23,
1993-03-01 00:00:00,154.60,,148.08,90.17,,389.13,,109.20,73.66,,121.20,172.50,117.09,
1993-04-01 00:00:00,58.50,,74.17,27.43,,50.55,,46.80,0.00,,44.70,58.20,21.34,
1993-05-01 00:00:00,101.30,,249.43,126.24,,186.94,,211.60,0.00,,160.70,169.90,56.39,
1993-06-01 00:00:00,184.30,,300.23,152.65,,377.95,,185.10,106.68,,183.20,0.00,133.86,
1993-07-01 00:00:00,386.10,,270.00,222.50,,490.98,,224.50,81.28,,216.20,0.00,219.71,
1993-08-01 00:00:00,333.50,,203.45,199.90,,551.94,,176.50,66.04,,165.10,0.00,23.37,
1993-09-01 00:00:00,454.40,,172.47,298.20,,373.89,,346.90,127.00,,304.00,0.00,27.94,
1993-10-01 00:00:00,335.10,,197.10,148.84,,259.59,,153.80,144.78,,150.67,0.00,17.27,
1993-11-01 00:00:00,195.00,,215.14,213.11,,283.72,,249.50,144.78,,323.77,0.00,43.69,
1993-12-01 00:00:00,89.70,,80.01,48.01,,82.04,,62.60,17.78,,39.10,0.00,75.18,
1994-01-01 00:00:00,229.70,,228.35,121.67,,172.72,,134.40,0.00,,86.38,43.69,137.67,
1994-02-01 00:00:00,112.30,,106.68,55.12,,121.92,,80.30,0.00,,64.70,0.00,35.05,
1994-03-01 00:00:00,43.10,,18.80,21.84,,24.13,,48.30,0.00,,23.10,0.00,16.51,
1994-04-01 00:00:00,2.60,,31.50,13.72,,29.46,,41.10,0.00,,22.60,14.48,3.81,
1994-05-01 00:00:00,40.10,,110.24,36.32,,26.67,,86.00,0.00,,69.60,23.62,14.22,
1994-06-01 00:00:00,258.50,,161.04,150.37,,129.03,,198.30,0.00,,130.95,155.45,154.94,
1994-07-01 00:00:00,225.60,,184.40,156.21,,178.05,,187.10,39.37,,153.70,136.40,138.68,
1994-08-01 00:00:00,352.40,,236.47,234.70,,286,,230.70,109.22,,189.15,307.09,249.94,
1994-09-01 00:00:00,264.40,,242.32,186.94,,312.93,,194.20,136.40,,178.07,0.00,182.88,
1994-10-01 00:00:00,344.60,,278.89,202.69,,297.18,,224.60,49.53,,260.10,0.00,229.11,
1994-11-01 00:00:00,161.00,,208.79,143.26,,203.96,,191.10,73.66,,153.60,0.00,113.03,
1994-12-01 00:00:00,90.30,,131.57,121.67,,133.86,,136.70,49.53,,132.20,0.00,45.97,
1995-01-01 00:00:00,37.30,,14.90,46.40,,57.91,,76.10,22.86,,61.65,6.50,23.88,
1995-02-01 00:00:00,61.10,,121.40,58.20,,118.11,,124.20,31.75,,50.95,35.21,33.02,
1995-03-01 00:00:00,132.50,,54.10,51.60,,134.11,,90.20,46.99,,98.30,145.20,118.11,
1995-04-01 00:00:00,73.40,,101.91,42.60,,159.77,,62.80,21.59,,78.05,136.00,44.96,
1995-05-01 00:00:00,60.88,,72.40,48.40,,89.41,,36.10,15.24,,26.75,101.60,53.09,
1995-06-01 00:00:00,371.05,,273.30,235.50,,361.7,,201.50,90.17,,247.40,185.10,166.88,
1995-07-01 00:00:00,340.50,,149.40,195.90,,144.78,,117.10,113.03,,107.55,145.60,271.02,
1995-08-01 00:00:00,532.90,,265.80,217.40,,309.63,,279.20,90.17,,284.20,319.00,303.02,
1995-09-01 00:00:00,256.20,,278.50,221.10,,266.19,,267.70,158.75,,263.35,459.40,188.98,
1995-10-01 00:00:00,326.50,,413.10,220.20,,327.21,,296.30,185.42,,263.40,323.40,139.95,
1995-11-01 00:00:00,127.50,,175.10,160.80,,210.82,,177.80,92.71,,152.95,233.90,164.08,
1995-12-01 00:00:00,89.22,,112.70,76.00,,120.14,,106.70,40.64,,90.40,133.20,68.07,
1996-01-01 00:00:00,120.40,,185.20,86.70,,114.55,,193.80,22.86,,11.45,73.15,99.06,
1996-02-01 00:00:00,47.10,,80.60,43.70,,125.98,,147.30,13.97,,133.15,83.31,35.05,
1996-03-01 00:00:00,61.70,,68.50,62.90,,101.09,,100.45,46.99,,103.75,139.19,71.12,
1996-04-01 00:00:00,106.40,,80.50,44.30,,150.62,,116.30,147.32,,103.15,113.54,39.12,
1996-05-01 00:00:00,106.30,,169.12,78.80,,245.62,,183.70,73.66,,153.65,189.48,107.95,
1996-06-01 00:00:00,311.30,,205.52,187.70,,169.67,,217.30,104.14,,168.20,205.23,194.06,
1996-07-01 00:00:00,366.30,,206.20,189.80,,253.75,,227.90,133.35,,231.65,252.73,225.04,
1996-08-01 00:00:00,388.70,,211.10,172.00,,190.5,,272.30,161.29,,284.75,281.69,137.92,
1996-09-01 00:00:00,263.66,,257.50,213.90,,290.07,,240.30,137.16,,263.35,411.48,213.11,
1996-10-01 00:00:00,516.70,,401.50,282.60,,326.39,,442.70,254.00,,390.95,402.59,327.91,
1996-11-01 00:00:00,290.30,,401.20,248.10,,397.51,,392.90,198.12,,419.60,552.45,243.08,
1996-12-01 00:00:00,129.00,,77.50,,,44.45,,115.60,82.55,,124.40,137.92,29.97,
1997-01-01 00:00:00,89.20,,163.00,,,67.82,,115.50,46.99,,89.50,152.80,4.06,
1997-02-01 00:00:00,95.80,,39.60,,,27.43,,72.80,30.48,,57.40,91.20,44.96,
1997-03-01 00:00:00,73.30,,20.40,,,50.04,,68.40,24.13,,42.50,80.20,13.97,
1997-04-01 00:00:00,22.50,,12.40,,,57.15,,41.30,11.43,,26.20,39.70,4.06,
1997-05-01 00:00:00,66.60,,54.30,,,52.83,,47.90,22.35,,48.30,81.10,30.99,
1997-06-01 00:00:00,306.40,,233.80,,,164.34,,211.50,118.11,,184.15,183.51,210.06,
1997-07-01 00:00:00,469.50,,233.80,,,265.18,,265.60,149.86,,240.25,296.60,182.88,
1997-08-01 00:00:00,245.50,,123.90,,,187.71,,138.00,82.55,,118.25,164.10,107.95,
1997-09-01 00:00:00,313.70,,144.30,,,314.45,,228.30,106.68,,201.80,265.50,92.96,
1997-10-01 00:00:00,139.90,,175.40,,,275.84,,144.30,69.85,,147.80,333.20,249.94,
1997-11-01 00:00:00,327.70,,159.20,,,292.61,,169.40,104.14,,128.38,256.80,68.07,
1997-12-01 00:00:00,62.80,,84.20,,,29.97,,91.05,12.70,,72.10,78.60,6.10,
1998-01-01 00:00:00,192.70,,155.40,,,135.89,,204.45,62.23,,116.50,407.80,,
1998-02-01 00:00:00,24.40,,21.90,,,11.69,,29.50,2.54,,27.50,29.50,,
1998-03-01 00:00:00,39.70,,148.20,,,96.27,,82.10,25.40,,71.90,36.30,,
1998-04-01 00:00:00,62.70,,131.30,,,147.32,,111.95,50.80,,125.50,170.80,,
1998-05-01 00:00:00,136.00,,142.90,,,248.42,,189.45,88.90,,197.60,172.40,,
1998-06-01 00:00:00,498.40,,294.90,,,338.33,,302.20,279.40,,263.35,402.30,,
1998-07-01 00:00:00,252.80,,146.40,,,245.87,,169.40,193.04,,168.35,286.70,,
1998-08-01 00:00:00,165.00,,11.00,,,129.55,,122.55,90.17,,107.20,155.30,,
1998-09-01 00:00:00,305.90,,202.00,,,287.27,,297.35,273.05,,224.60,265.30,,
1998-10-01 00:00:00,651.50,,550.70,,,533.12,,727.85,494.03,,557.05,561.60,,
1998-11-01 00:00:00,209.60,,260.70,,,182.37,,210.50,171.45,,234.70,113.70,,
1998-12-01 00:00:00,288.30,,355.80,,,263.92,,494.45,213.36,,377.80,180.60,,
1999-01-01 00:00:00,109.30,,181.00,,,79.3,,81.60,64.77,80.60,43.70,9.40,,
1999-02-01 00:00:00,35.40,,84.30,,,186.9,,90.15,38.10,53.30,78.05,48.60,,
1999-03-01 00:00:00,112.30,,81.00,,,68.5,,130.30,124.46,48.00,107.10,49.50,,
1999-04-01 00:00:00,188.30,,,,,78.6,,160.70,45.72,214.50,132.70,118.50,,
1999-05-01 00:00:00,29.30,,,,,24.16,,19.60,0.00,51.90,15.90,15.20,,
1999-06-01 00:00:00,253.70,,220.40,,,108.13,,101.20,162.56,169.30,82.20,57.80,,
1999-07-01 00:00:00,338.60,,277.40,,,182.41,,242.80,114.30,195.60,187.50,148.60,,
1999-08-01 00:00:00,221.90,,130.00,,,170.68,,166.25,68.58,227.90,143.20,0.00,,
1999-09-01 00:00:00,288.30,,247.30,,,53.17,,222.90,259.08,430.60,337.90,0.00,,
1999-10-01 00:00:00,269.60,,273.40,,,250.3,,295.50,131.83,551.00,257.70,0.00,,
1999-11-01 00:00:00,317.00,,201.00,,,352.44,,264.70,67.82,285.00,261.50,0.00,,
1999-12-01 00:00:00,225.20,,193.51,,,296.4,,232.90,106.43,160.40,250.00,0.00,,
2000-01-01 00:00:00,207.40,,146.70,,,186.3,,131.70,50.04,143.40,115.50,133.90,,
2000-02-01 00:00:00,216.60,,139.00,,,143.4,,143.83,53.34,143.00,139.40,30.60,,
2000-03-01 00:00:00,109.40,,127.50,,,132.3,,111.75,86.61,166.00,106.30,35.70,,
2000-04-01 00:00:00,1.25,,,,,41.1,,57.20,19.81,25.00,41.40,38.00,,
2000-05-01 00:00:00,109.50,,68.40,,,100.9,,47.16,13.46,84.00,48.00,63.50,,
2000-06-01 00:00:00,196.55,,50.20,,,206.3,,153.00,122.94,95.00,109.30,121.60,,
2000-07-01 00:00:00,248.90,,199.90,,,225,,227.00,67.56,158.00,181.00,182.20,,
2000-08-01 00:00:00,340.00,,166.50,,,262.7,,227.95,82.30,131.30,154.05,110.20,,
2000-09-01 00:00:00,106.40,,81.00,,,131.4,,171.65,66.80,263.80,276.20,204.30,,
2000-10-01 00:00:00,151.95,,,,,176.2,,170.75,59.94,201.00,259.80,616.70,,
2000-11-01 00:00:00,398.40,,171.30,,,399.9,,360.10,237.49,393.90,336.60,0.00,,
2000-12-01 00:00:00,173.70,,,,,142.3,,118.95,123.95,202.00,106.90,0.00,,
2001-01-01 00:00:00,58.78,,,,,103.3,,68.55,36.83,104.14,46.60,0.00,,
2001-02-01 00:00:00,114.50,,60.50,,,62.6,,80.20,6.10,38.50,91.60,31.00,,
2001-03-01 00:00:00,30.70,,,,,67.53,,18.20,60.45,7.00,14.70,9.50,,
2001-04-01 00:00:00,24.50,,94.30,,,45,,44.20,13.46,51.00,31.80,26.80,,
2001-05-01 00:00:00,120.10,,29.60,,,110.9,,89.65,21.59,67.70,7.30,32.80,,
2001-06-01 00:00:00,161.20,,44.25,,,65.6,,75.80,,125.90,55.80,83.10,,
2001-07-01 00:00:00,138.80,,339.90,,,294.7,,328.95,,146.10,342.65,258.70,,
2001-08-01 00:00:00,375.16,,275.80,,,194.9,,280.95,,222.80,179.85,261.60,,
2001-09-01 00:00:00,202.90,,183.88,,,143.36,,295.30,,102.40,186.80,240.00,,
2001-10-01 00:00:00,513.60,,401.10,,,350.52,,381.00,,527.56,342.39,615.00,,
2001-11-01 00:00:00,77.47,,0.00,,,111,,58.93,,51.82,37.59,71.12,,
2001-12-01 00:00:00,251.21,,139.70,,,134.62,,209.80,,329.95,203.71,276.86,,
2002-01-01 00:00:00,131.57,,,,,152.91,,96.52,,246.89,132.59,91.95,,
2002-02-01 00:00:00,112.01,,,,,102.87,,46.48,,273.05,2.29,86.61,,
2002-03-01 00:00:00,100.08,,,,,103.12,,74.17,,204.72,96.52,82.30,,
2002-04-01 00:00:00,42.16,,,,,181.36,,73.66,,175.77,211.58,212.85,,
2002-05-01 00:00:00,83.31,,,,,82.04,,99.82,,158.50,41.40,109.47,,
2002-06-01 00:00:00,175.51,,,,,88.14,,51.05,,297.69,67.56,71.37,,
2002-07-01 00:00:00,303.78,,,,,169.67,,151.13,,509.52,67.56,42.16,,
2002-08-01 00:00:00,243.08,,,,,163.83,,135.38,,325.88,117.35,117.35,,
2002-09-01 00:00:00,490.47,,,,,303.02,,214.88,,578.61,220.73,93.98,,
2002-10-01 00:00:00,56.39,,,,,358.9,,352.04,,197.61,291.34,164.85,,
2002-11-01 00:00:00,206.50,,,,,343.41,,267.97,,568.45,568.45,133.10,,
2002-12-01 00:00:00,69.09,,,,,52.32,,42.93,,191.77,29.72,10.67,,
2003-01-01 00:00:00,98.30,,,,,100.33,,32.26,,90.42,49.02,74.68,,
2003-02-01 00:00:00,114.55,,,,,86.87,,105.41,,112.78,58.93,95.25,,
2003-03-01 00:00:00,36.32,,,,,36.58,,30.99,,35.81,29.46,95.25,,
2003-04-01 00:00:00,37.85,,,,,22.9,,51.31,,37.85,55.37,129.54,,
2003-05-01 00:00:00,26.67,,,,,68.07,,21.84,,40.13,10.67,28.96,,
2003-06-01 00:00:00,242.06,,,,,146.56,,256.03,,192.53,173.74,80.52,,
2003-07-01 00:00:00,278.38,,,,,268.48,,272.80,,178.05,232.92,51.56,,
2003-08-01 00:00:00,260.10,,,,,250.19,,187.71,,179.83,216.15,121.92,,
2003-09-01 00:00:00,113.54,,,,,192.02,,183.64,,131.06,182.37,39.12,,
2003-10-01 00:00:00,307.34,,,,,371.09,,310.64,,341.12,326.14,234.44,,
2003-11-01 00:00:00,623.32,,,,,389.38,,313.44,,435.61,316.23,215.39,,
2003-12-01 00:00:00,236.98,,,,,130.56,,94.74,,114.30,109.22,82.00,,
2004-01-01 00:00:00,55.00,,,,,156.6,,129.95,,114.00,125.20,39.30,,
2004-02-01 00:00:00,127.00,,,,,114.5,,125.30,,89.00,96.70,11.90,,
2004-03-01 00:00:00,143.76,,,,,75.2,,147.10,,99.40,114.40,65.40,,
2004-04-01 00:00:00,138.20,,,,,116,,159.30,,185.80,121.70,77.50,,
2004-05-01 00:00:00,211.90,,,,,500.2,,342.05,,462.30,340.60,332.20,,
2004-06-01 00:00:00,197.30,,,,,226,,254.20,,216.80,225.30,139.20,,
2004-07-01 00:00:00,285.40,,,,,440.2,,322.20,,280.30,239.20,145.70,,
2004-08-01 00:00:00,165.30,,,,,305.9,,488.20,,194.90,223.10,265.68,,
2004-09-01 00:00:00,178.20,,,,,225,,176.30,,270.10,147.90,215.90,,
2004-10-01 00:00:00,136.60,,,,,306.9,,216.45,,217.20,188.90,91.60,,
2004-11-01 00:00:00,154.00,,,,,470.4,,373.90,,729.10,433.30,339.50,,
2004-12-01 00:00:00,189.70,,,,,227.5,,207.10,,295.30,178.70,91.60,,
2005-01-01 00:00:00,172.21,,,,,286.51,,200.75,,298.60,202.90,98.90,,
2005-02-01 00:00:00,41.15,,,,,114.3,,51.60,,77.10,76.20,17.30,,
2005-03-01 00:00:00,125.22,,,,,75.18,,69.40,,43.00,65.10,11.50,,
2005-04-01 00:00:00,22.10,,,,,94.74,,62.23,,21.84,36.58,68.33,,
2005-05-01 00:00:00,166.37,,,,,352.04,,224.79,,260.35,230.63,75.18,,
2005-06-01 00:00:00,180.09,,,,,533.4,,497.59,,520.19,532.13,360.17,,
2005-07-01 00:00:00,237.49,,,,,485.65,,341.05,,212.80,224.70,235.30,,
2005-08-01 00:00:00,305.82,,,,,147.83,,103.35,,128.80,141.10,188.20,,
2005-09-01 00:00:00,235.71,,,,,87.63,,115.10,,255.00,152.90,287.10,,
2005-10-01 00:00:00,176.78,,,,,554.48,,457.05,,393.10,369.10,388.00,,
2005-11-01 00:00:00,170.18,,,,,672.85,,432.15,,596.70,430.90,433.80,,
2005-12-01 00:00:00,141.99,,,,,343.41,,229.55,,140.40,213.20,121.30,,
2006-01-01 00:00:00,206.25,,,,,254.25,,242.32,,197.87,150.11,165.86,,
2006-02-01 00:00:00,141.48,,,,,53.85,,132.08,,77.22,83.57,62.23,,
2006-03-01 00:00:00,73.66,,,,,48.01,,98.03,,59.44,81.03,101.09,,
2006-04-01 00:00:00,41.91,,,,,72.39,,74.68,,23.88,31.50,,,
2006-05-01 00:00:00,80.26,,,,,55.88,,71.63,,60.71,71.12,,,
2006-06-01 00:00:00,82.55,,,,,196.6,,254.00,,211.84,194.82,,,
2006-07-01 00:00:00,49.02,,,,,211.07,,396.24,,197.10,172.97,,,
2006-08-01 00:00:00,400.30,,,,,170.43,,489.97,,108.71,161.29,,,
2006-09-01 00:00:00,392.94,,,,,196.6,,176.28,,219.20,192.53,,,
2006-10-01 00:00:00,213.61,,,,,66.8,,208.03,,367.28,198.37,,,
2006-11-01 00:00:00,373.13,,,,,38.61,,187.71,,144.78,150.37,,,
2006-12-01 00:00:00,147.57,,,,,173.23,,323.60,,228.85,328.68,,,
2007-01-01 00:00:00,207.20,,,,,138.9,,132.59,,92.71,108.46,20.57,,
2007-02-01 00:00:00,135.60,,,,,86.61,,64.08,,55.88,55.88,86.61,,
2007-03-01 00:00:00,96.30,,,,,137.92,,118.11,,223.27,119.00,137.92,,
2007-04-01 00:00:00,256.20,,,,,214.88,,111.51,,139.30,165.86,263.65,,
2007-05-01 00:00:00,46.30,,,,,32.26,,41.40,,44.20,34.29,42.93,,
2007-06-01 00:00:00,156.30,,,,,147.57,,89.41,,200.30,94.49,204.72,,
2007-07-01 00:00:00,135.60,,,,,122.2,,117.80,,138.60,58.80,135.60,,
2007-08-01 00:00:00,165.00,,,,,345.4,,405.70,,316.00,313.20,405.70,,
2007-09-01 00:00:00,203.50,,,,,276,,232.40,,105.00,194.00,302.30,,
2007-10-01 00:00:00,268.30,,,,,394.9,,304.70,,106.00,286.30,367.40,,
2007-11-01 00:00:00,179.30,,,,,235.3,,178.60,,126.80,153.70,263.40,,
2007-12-01 00:00:00,205.40,,,,,294.2,,215.10,,155.00,181.70,156.60,,
2008-01-01 00:00:00,,,,,,28.6,,72.80,,,86.00,,,
2008-02-01 00:00:00,,,,,,85.7,,80.70,,56.00,54.40,120.00,,
2008-03-01 00:00:00,,,,,,73.8,,47.20,,25.40,25.40,220.00,,
2008-04-01 00:00:00,,,,,,66.5,,74.00,,58.00,72.10,180.00,,
2008-05-01 00:00:00,,,,,,22.3,,33.00,,0.00,14.40,,,
2008-06-01 00:00:00,,,,,,274.6,,264.60,,129.00,195.90,,,
2008-07-01 00:00:00,,,,,,155.1,,147.50,,,130.30,,,
2008-08-01 00:00:00,,,,,,209.2,,170.60,,23.00,112.00,,,
2008-09-01 00:00:00,,,,,,480.8,,343.60,,,359.60,,,
2008-10-01 00:00:00,,,,,,378.8,,254.70,,,305.20,,,
2008-11-01 00:00:00,,,,,,709.3,,350.80,,256.00,310.40,,,
2008-12-01 00:00:00,,,,,,278.12,,112.60,,140.00,155.40,,,
2009-01-01 00:00:00,,,,,,248.9,,217.80,69.60,,196.40,,,
2009-02-01 00:00:00,,,,,,138.9,,159.20,2.79,,122.90,,,
2009-03-01 00:00:00,,,,,,76.1,,68.80,60.96,,51.10,,,
2009-04-01 00:00:00,,,,,,181.3,,117.50,218.69,,172.20,,,
2009-05-01 00:00:00,,,,,,341.59,,166.70,223.77,,98.90,,,
2009-06-01 00:00:00,,,,,,226,,238.10,308.10,,202.00,,,
2009-07-01 00:00:00,,,,,,409.22,,332.60,293.62,,316.40,,,
2009-08-01 00:00:00,,,,,,239.28,,302.40,407.67,,229.60,,,
2009-09-01 00:00:00,,,,,,255,,234.90,277.88,,177.00,,,
2009-10-01 00:00:00,,,,,,225.2,,172.90,438.15,,137.80,,,
2009-11-01 00:00:00,,,,,,26.2,,111.20,487.93,,68.20,,,
2009-12-01 00:00:00,,,,,,56.9,,67.10,241.81,,50.50,,,
2010-01-01 00:00:00,,,,,,68.07,,69.60,,,71.12,,,
2010-02-01 00:00:00,,,,,,20.32,,2.79,,,0.76,,,
2010-03-01 00:00:00,,,,,,47.5,,60.96,,,70.80,,,
2010-04-01 00:00:00,,,,,,307.59,,218.69,,,119.60,,,
2010-05-01 00:00:00,,,,,,256.54,,223.77,,,177.80,,,
2010-06-01 00:00:00,,,,,,292.1,,308.10,,,230.60,,,
2010-07-01 00:00:00,,,,,,442.21,,293.62,,,299.70,,,
2010-08-01 00:00:00,,,,,,456.95,,407.67,,,306.83,,,
2010-09-01 00:00:00,,,,,,306.68,,277.88,,,296.07,,,
2010-10-01 00:00:00,,,,,,980.44,,438.15,,,298.70,,,
2010-11-01 00:00:00,,,,,,569.47,,487.93,,,213.36,,,
2010-12-01 00:00:00,,,,,,377.95,,241.81,,,347.47,,,
