Country,Year,Value,Source,Notes,ISO3
Trinidad and Tobago,1950,0.00188586,1277,6249,TTO
Haiti,1950,5,1277,6252,HTI
Antigua and Barbuda,1950,1.7142900000000001,1277,6251,ATG
Jamaica,1950,1.7142900000000001,1277,6704,JAM
Grenada,1950,1.7142900000000001,1277,6251,GRD
Dominica,1950,1.4285699999999999,1277,6251,DMA
Suriname,1950,1.7142900000000001,1277,6248,SUR
Guyana,1950,1.7142900000000001,1277,6703,GUY
Saint Kitts and Nevis,1950,0.714286,1277,6251,KNA
Saint Vincent and the Grenadines,1950,1.7142900000000001,1277,6251,VCT
Saint Lucia,1950,1.7142900000000001,1277,6251,LCA
Dominican Republic,1950,1,1277,6259,DOM
Bahamas,1950,1.7142900000000001,1277,6250,BHS
Barbados,1950,1.02041,1277,6244,BRB
Belize,1950,1.7142900000000001,1277,6245,BLZ
Haiti,1951,5,1277,6252,HTI
Belize,1951,1.7142900000000001,1277,6245,BLZ
Antigua and Barbuda,1951,1.7142900000000001,1277,6251,ATG
Suriname,1951,1.7142900000000001,1277,6248,SUR
Barbados,1951,1.02041,1277,6244,BRB
Bahamas,1951,1.7142900000000001,1277,6250,BHS
Trinidad and Tobago,1951,0.00188586,1277,6249,TTO
Dominican Republic,1951,1,1277,6259,DOM
Dominica,1951,1.4285699999999999,1277,6251,DMA
Guyana,1951,1.7142900000000001,1277,6703,GUY
Saint Vincent and the Grenadines,1951,1.7142900000000001,1277,6251,VCT
Saint Lucia,1951,1.7142900000000001,1277,6251,LCA
Grenada,1951,1.7142900000000001,1277,6251,GRD
Saint Kitts and Nevis,1951,0.714286,1277,6251,KNA
Jamaica,1951,1.7142900000000001,1277,6704,JAM
Jamaica,1952,1.7142900000000001,1277,6704,JAM
Saint Vincent and the Grenadines,1952,1.7142900000000001,1277,6251,VCT
Dominica,1952,1.4285699999999999,1277,6251,DMA
Dominican Republic,1952,1,1277,6259,DOM
Guyana,1952,1.7142900000000001,1277,6703,GUY
Bahamas,1952,1.7142900000000001,1277,6250,BHS
Trinidad and Tobago,1952,0.00188586,1277,6249,TTO
Antigua and Barbuda,1952,1.7142900000000001,1277,6251,ATG
Suriname,1952,1.7142900000000001,1277,6248,SUR
Saint Lucia,1952,1.7142900000000001,1277,6251,LCA
Grenada,1952,1.7142900000000001,1277,6251,GRD
Belize,1952,1.7142900000000001,1277,6245,BLZ
Saint Kitts and Nevis,1952,0.714286,1277,6251,KNA
Barbados,1952,1.02041,1277,6244,BRB
Haiti,1952,5,1277,6252,HTI
Haiti,1953,5,1277,6252,HTI
Bahamas,1953,1.7142900000000001,1277,6250,BHS
Grenada,1953,1.7142900000000001,1277,6251,GRD
Saint Kitts and Nevis,1953,0.714286,1277,6251,KNA
Dominica,1953,1.4285699999999999,1277,6251,DMA
Jamaica,1953,1.7142900000000001,1277,6704,JAM
Saint Vincent and the Grenadines,1953,1.7142900000000001,1277,6251,VCT
Belize,1953,1.7142900000000001,1277,6245,BLZ
Dominican Republic,1953,1,1277,6259,DOM
Trinidad and Tobago,1953,0.00188586,1277,6249,TTO
Antigua and Barbuda,1953,1.7142900000000001,1277,6251,ATG
Barbados,1953,1.02041,1277,6244,BRB
Suriname,1953,1.7142900000000001,1277,6248,SUR
Saint Lucia,1953,1.7142900000000001,1277,6251,LCA
Guyana,1953,1.7142900000000001,1277,6703,GUY
Belize,1954,1.7142900000000001,1277,6245,BLZ
Saint Kitts and Nevis,1954,0.714286,1277,6251,KNA
Suriname,1954,1.7142900000000001,1277,6248,SUR
Saint Lucia,1954,1.7142900000000001,1277,6251,LCA
Haiti,1954,5,1277,6252,HTI
Barbados,1954,1.02041,1277,6244,BRB
Grenada,1954,1.7142900000000001,1277,6251,GRD
Bahamas,1954,1.7142900000000001,1277,6250,BHS
Dominican Republic,1954,1,1277,6259,DOM
Trinidad and Tobago,1954,0.00188586,1277,6249,TTO
Dominica,1954,1.4285699999999999,1277,6251,DMA
Guyana,1954,1.7142900000000001,1277,6703,GUY
Saint Vincent and the Grenadines,1954,1.7142900000000001,1277,6251,VCT
Jamaica,1954,1.7142900000000001,1277,6704,JAM
Antigua and Barbuda,1954,1.7142900000000001,1277,6251,ATG
Belize,1955,1.7142900000000001,1277,6245,BLZ
Suriname,1955,1.7142900000000001,1277,6248,SUR
Jamaica,1955,1.7142900000000001,1277,6704,JAM
Bahamas,1955,1.7142900000000001,1277,6250,BHS
Guyana,1955,1.7142900000000001,1277,6703,GUY
Haiti,1955,5,1277,6252,HTI
Saint Vincent and the Grenadines,1955,1.7142900000000001,1277,6251,VCT
Antigua and Barbuda,1955,1.7142900000000001,1277,6251,ATG
Trinidad and Tobago,1955,0.00188586,1277,6249,TTO
Dominican Republic,1955,1,1277,6259,DOM
Saint Lucia,1955,1.7142900000000001,1277,6251,LCA
Grenada,1955,1.7142900000000001,1277,6251,GRD
Barbados,1955,1.02041,1277,6244,BRB
Saint Kitts and Nevis,1955,0.714286,1277,6251,KNA
Dominica,1955,1.4285699999999999,1277,6251,DMA
Antigua and Barbuda,1956,1.7142900000000001,1277,6251,ATG
Guyana,1956,1.7142900000000001,1277,6703,GUY
Grenada,1956,1.7142900000000001,1277,6251,GRD
Dominica,1956,1.4285699999999999,1277,6251,DMA
Haiti,1956,5,1277,6252,HTI
Saint Kitts and Nevis,1956,0.714286,1277,6251,KNA
Suriname,1956,1.7142900000000001,1277,6248,SUR
Bahamas,1956,1.7142900000000001,1277,6250,BHS
Saint Vincent and the Grenadines,1956,1.7142900000000001,1277,6251,VCT
Jamaica,1956,1.7142900000000001,1277,6704,JAM
Belize,1956,1.7142900000000001,1277,6245,BLZ
Barbados,1956,1.02041,1277,6244,BRB
Saint Lucia,1956,1.7142900000000001,1277,6251,LCA
Dominican Republic,1956,1,1277,6259,DOM
Trinidad and Tobago,1956,0.00188586,1277,6249,TTO
Jamaica,1957,1.7142900000000001,1277,6704,JAM
Barbados,1957,1.02041,1277,6244,BRB
Saint Lucia,1957,1.7142900000000001,1277,6251,LCA
Belize,1957,1.7142900000000001,1277,6245,BLZ
Bahamas,1957,1.7142900000000001,1277,6250,BHS
Suriname,1957,1.7142900000000001,1277,6248,SUR
Antigua and Barbuda,1957,1.7142900000000001,1277,6251,ATG
Dominica,1957,1.4285699999999999,1277,6251,DMA
Guyana,1957,1.7142900000000001,1277,6703,GUY
Saint Vincent and the Grenadines,1957,1.7142900000000001,1277,6251,VCT
Haiti,1957,5,1277,6252,HTI
Saint Kitts and Nevis,1957,0.714286,1277,6251,KNA
Grenada,1957,1.7142900000000001,1277,6251,GRD
Dominican Republic,1957,1,1277,6259,DOM
Trinidad and Tobago,1957,0.00188507,1277,6249,TTO
Saint Kitts and Nevis,1958,0.714286,1277,6251,KNA
Trinidad and Tobago,1958,0.001885,1277,6249,TTO
Guyana,1958,1.7142900000000001,1277,6703,GUY
Antigua and Barbuda,1958,1.7142900000000001,1277,6251,ATG
Suriname,1958,1.7142900000000001,1277,6248,SUR
Saint Lucia,1958,1.7142900000000001,1277,6251,LCA
Dominican Republic,1958,1,1277,6259,DOM
Jamaica,1958,1.7142900000000001,1277,6704,JAM
Belize,1958,1.7142900000000001,1277,6245,BLZ
Haiti,1958,5,1277,6252,HTI
Saint Vincent and the Grenadines,1958,1.7142900000000001,1277,6251,VCT
Barbados,1958,1.02041,1277,6244,BRB
Bahamas,1958,1.7142900000000001,1277,6250,BHS
Grenada,1958,1.7142900000000001,1277,6251,GRD
Dominica,1958,1.4285699999999999,1277,6251,DMA
Jamaica,1959,1.7142900000000001,1277,6704,JAM
Saint Lucia,1959,1.7142900000000001,1277,6251,LCA
Grenada,1959,1.7142900000000001,1277,6251,GRD
Dominican Republic,1959,1,1277,6259,DOM
Barbados,1959,1.02041,1277,6244,BRB
Guyana,1959,1.7142900000000001,1277,6703,GUY
Bahamas,1959,1.7142900000000001,1277,6250,BHS
Antigua and Barbuda,1959,1.7142900000000001,1277,6251,ATG
Saint Vincent and the Grenadines,1959,1.7142900000000001,1277,6251,VCT
Haiti,1959,5,1277,6252,HTI
Suriname,1959,1.7142900000000001,1277,6248,SUR
Dominica,1959,1.4285699999999999,1277,6251,DMA
Trinidad and Tobago,1959,0.001885,1277,6249,TTO
Belize,1959,1.7142900000000001,1277,6245,BLZ
Saint Kitts and Nevis,1959,0.714286,1277,6251,KNA
Bahamas,1960,1.7142900000000001,1277,6250,BHS
Antigua and Barbuda,1960,1.7142900000000001,1277,6251,ATG
Dominica,1960,1.4285699999999999,1277,6251,DMA
Saint Vincent and the Grenadines,1960,1.7142900000000001,1277,6251,VCT
Grenada,1960,1.7142900000000001,1277,6251,GRD
Suriname,1960,1.7142900000000001,1277,6248,SUR
Haiti,1960,5,1277,6252,HTI
Dominican Republic,1960,1,1277,6259,DOM
Guyana,1960,1.7142900000000001,1277,6703,GUY
Barbados,1960,1.02041,1277,6244,BRB
Belize,1960,1.7142900000000001,1277,6245,BLZ
Jamaica,1960,1.7142900000000001,1277,6704,JAM
Saint Lucia,1960,1.7142900000000001,1277,6251,LCA
Trinidad and Tobago,1960,0.001885,1277,6249,TTO
Saint Kitts and Nevis,1960,0.714286,1277,6251,KNA
Trinidad and Tobago,1961,0.001885,1277,6249,TTO
Barbados,1961,1.02041,1277,6244,BRB
Belize,1961,1.7142900000000001,1277,6245,BLZ
Grenada,1961,1.7142900000000001,1277,6251,GRD
Jamaica,1961,1.7142900000000001,1277,6704,JAM
Suriname,1961,1.7142900000000001,1277,6248,SUR
Saint Kitts and Nevis,1961,0.714286,1277,6251,KNA
Saint Vincent and the Grenadines,1961,1.7142900000000001,1277,6251,VCT
Antigua and Barbuda,1961,1.7142900000000001,1277,6251,ATG
Dominica,1961,1.4285699999999999,1277,6251,DMA
Haiti,1961,5,1277,6252,HTI
Saint Lucia,1961,1.7142900000000001,1277,6251,LCA
Guyana,1961,1.7142900000000001,1277,6703,GUY
Dominican Republic,1961,1,1277,6259,DOM
Bahamas,1961,1.7142900000000001,1277,6250,BHS
Dominican Republic,1962,1,1277,6259,DOM
Antigua and Barbuda,1962,1.7142900000000001,1277,6251,ATG
Haiti,1962,5,1277,6252,HTI
Jamaica,1962,1.7142900000000001,1277,6704,JAM
Barbados,1962,1.02041,1277,6244,BRB
Grenada,1962,1.7142900000000001,1277,6251,GRD
Saint Kitts and Nevis,1962,0.714286,1277,6251,KNA
Belize,1962,1.7142900000000001,1277,6245,BLZ
Saint Vincent and the Grenadines,1962,1.7142900000000001,1277,6251,VCT
Bahamas,1962,1.7142900000000001,1277,6250,BHS
Dominica,1962,1.4285699999999999,1277,6251,DMA
Guyana,1962,1.7142900000000001,1277,6703,GUY
Saint Lucia,1962,1.7142900000000001,1277,6251,LCA
Trinidad and Tobago,1962,0.001885,1277,6249,TTO
Suriname,1962,1.7142900000000001,1277,6248,SUR
Trinidad and Tobago,1963,0.001885,1277,6249,TTO
Bahamas,1963,1.7142900000000001,1277,6250,BHS
Guyana,1963,1.7142900000000001,1277,6703,GUY
Belize,1963,1.7142900000000001,1277,6245,BLZ
Dominica,1963,1.4285699999999999,1277,6251,DMA
Jamaica,1963,1.7142900000000001,1277,6704,JAM
Antigua and Barbuda,1963,1.7142900000000001,1277,6251,ATG
Saint Kitts and Nevis,1963,0.714286,1277,6251,KNA
Dominican Republic,1963,1,1277,6259,DOM
Haiti,1963,5,1277,6252,HTI
Saint Vincent and the Grenadines,1963,1.7142900000000001,1277,6251,VCT
Grenada,1963,1.7142900000000001,1277,6251,GRD
Suriname,1963,1.7142900000000001,1277,6248,SUR
Barbados,1963,1.02041,1277,6244,BRB
Saint Lucia,1963,1.7142900000000001,1277,6251,LCA
Barbados,1964,1.02041,1277,6244,BRB
Grenada,1964,1.7142900000000001,1277,6251,GRD
Haiti,1964,5,1277,6252,HTI
Saint Vincent and the Grenadines,1964,1.7142900000000001,1277,6251,VCT
Dominican Republic,1964,1,1277,6259,DOM
Antigua and Barbuda,1964,1.7142900000000001,1277,6251,ATG
Saint Kitts and Nevis,1964,0.714286,1277,6251,KNA
Guyana,1964,1.7142900000000001,1277,6703,GUY
Trinidad and Tobago,1964,0.001885,1277,6249,TTO
Jamaica,1964,1.7142900000000001,1277,6704,JAM
Bahamas,1964,1.7142900000000001,1277,6250,BHS
Dominica,1964,1.4285699999999999,1277,6251,DMA
Belize,1964,1.7142900000000001,1277,6245,BLZ
Suriname,1964,1.7142900000000001,1277,6248,SUR
Saint Lucia,1964,1.7142900000000001,1277,6251,LCA
Saint Lucia,1965,1.7142900000000001,1277,6251,LCA
Bahamas,1965,1.7142900000000001,1277,6250,BHS
Barbados,1965,1.02041,1277,6244,BRB
Grenada,1965,1.7142900000000001,1277,6251,GRD
Belize,1965,1.7142900000000001,1277,6245,BLZ
Antigua and Barbuda,1965,1.7142900000000001,1277,6251,ATG
Dominica,1965,1.4285699999999999,1277,6251,DMA
Haiti,1965,5,1277,6252,HTI
Dominican Republic,1965,1,1277,6259,DOM
Saint Kitts and Nevis,1965,0.714286,1277,6251,KNA
Guyana,1965,1.7142900000000001,1277,6703,GUY
Suriname,1965,1.7142900000000001,1277,6248,SUR
Jamaica,1965,1.7142900000000001,1277,6704,JAM
Saint Vincent and the Grenadines,1965,1.7142900000000001,1277,6251,VCT
Trinidad and Tobago,1965,0.001885,1277,6249,TTO
Antigua and Barbuda,1966,1.7142900000000001,1277,6251,ATG
Haiti,1966,5,1277,6252,HTI
Suriname,1966,1.7142900000000001,1277,6248,SUR
Jamaica,1966,1.7142900000000001,1277,6704,JAM
Dominican Republic,1966,1,1277,6259,DOM
Saint Kitts and Nevis,1966,0.714286,1277,6251,KNA
Guyana,1966,1.7142900000000001,1277,6703,GUY
Dominica,1966,1.4285699999999999,1277,6251,DMA
Belize,1966,1.7142900000000001,1277,6245,BLZ
Grenada,1966,1.7142900000000001,1277,6251,GRD
Barbados,1966,1.02041,1277,6244,BRB
Bahamas,1966,1.7142900000000001,1277,6250,BHS
Saint Lucia,1966,1.7142900000000001,1277,6251,LCA
Saint Vincent and the Grenadines,1966,1.7142900000000001,1277,6251,VCT
Trinidad and Tobago,1966,0.001885,1277,6249,TTO
Trinidad and Tobago,1967,0.001885,1277,6249,TTO
Saint Lucia,1967,1.7619100000000001,1277,6251,LCA
Dominica,1967,1.44841,1277,6251,DMA
Guyana,1967,1.7619100000000001,1277,6703,GUY
Dominican Republic,1967,1,1277,6259,DOM
Jamaica,1967,1.7381,1277,6704,JAM
Saint Vincent and the Grenadines,1967,1.7619100000000001,1277,6251,VCT
Antigua and Barbuda,1967,1.7619100000000001,1277,6251,ATG
Bahamas,1967,1.7619100000000001,1277,6250,BHS
Grenada,1967,1.7619100000000001,1277,6251,GRD
Haiti,1967,5,1277,6252,HTI
Barbados,1967,1.02041,1277,6244,BRB
Suriname,1967,1.7619100000000001,1277,6248,SUR
Belize,1967,1.7381,1277,6245,BLZ
Saint Kitts and Nevis,1967,0.724207,1277,6251,KNA
Haiti,1968,5,1277,6252,HTI
Guyana,1968,2,1277,6703,GUY
Belize,1968,2,1277,6245,BLZ
Suriname,1968,2,1277,6248,SUR
Saint Lucia,1968,2,1277,6251,LCA
Saint Kitts and Nevis,1968,0.833334,1277,6251,KNA
Jamaica,1968,2,1277,6704,JAM
Bahamas,1968,2,1277,6250,BHS
Dominican Republic,1968,1,1277,6259,DOM
Grenada,1968,2,1277,6251,GRD
Dominica,1968,1.6666700000000001,1277,6251,DMA
Antigua and Barbuda,1968,2,1277,6251,ATG
Saint Vincent and the Grenadines,1968,2,1277,6251,VCT
Barbados,1968,1.02041,1277,6244,BRB
Trinidad and Tobago,1968,0.001885,1277,6249,TTO
Saint Vincent and the Grenadines,1969,2,1277,6251,VCT
Grenada,1969,2,1277,6251,GRD
Dominica,1969,1.6666700000000001,1277,6251,DMA
Dominican Republic,1969,1,1277,6259,DOM
Haiti,1969,5,1277,6252,HTI
Barbados,1969,1.02041,1277,6244,BRB
Bahamas,1969,2,1277,6250,BHS
Jamaica,1969,2,1277,6704,JAM
Saint Kitts and Nevis,1969,0.833334,1277,6251,KNA
Antigua and Barbuda,1969,2,1277,6251,ATG
Saint Lucia,1969,2,1277,6251,LCA
Trinidad and Tobago,1969,0.001885,1277,6249,TTO
Suriname,1969,2,1277,6248,SUR
Belize,1969,2,1277,6245,BLZ
Guyana,1969,2,1277,6703,GUY
Antigua and Barbuda,1970,2,1277,6251,ATG
Jamaica,1970,2,1277,6704,JAM
Belize,1970,2,1277,6245,BLZ
Saint Lucia,1970,2,1277,6251,LCA
Dominican Republic,1970,1,1277,6259,DOM
Bahamas,1970,2,1277,6250,BHS
Dominica,1970,1.6666700000000001,1277,6251,DMA
Suriname,1970,2,1277,6248,SUR
Saint Vincent and the Grenadines,1970,2,1277,6251,VCT
Haiti,1970,5,1277,6252,HTI
Grenada,1970,2,1277,6251,GRD
Trinidad and Tobago,1970,0.001885,1277,6249,TTO
Barbados,1970,1.0017,1277,6244,BRB
Saint Kitts and Nevis,1970,0.833333,1277,6251,KNA
Guyana,1970,2,1277,6703,GUY
Trinidad and Tobago,1971,0.00188358,1277,6249,TTO
Barbados,1971,1,1277,6244,BRB
Jamaica,1971,1.9886600000000001,1277,6704,JAM
Haiti,1971,5,1277,6252,HTI
Belize,1971,1.97488,1277,6245,BLZ
Suriname,1971,1.9748699999999999,1277,6248,SUR
Saint Vincent and the Grenadines,1971,1.9748699999999999,1277,6251,VCT
Dominica,1971,1.64368,1277,6251,DMA
Saint Kitts and Nevis,1971,0.832802,1277,6251,KNA
Saint Lucia,1971,1.9748699999999999,1277,6251,LCA
Dominican Republic,1971,1,1277,6259,DOM
Grenada,1971,1.9748699999999999,1277,6251,GRD
Guyana,1971,1.9748699999999999,1277,6703,GUY
Antigua and Barbuda,1971,1.9748699999999999,1277,6251,ATG
Bahamas,1971,1.9748699999999999,1277,6250,BHS
Dominica,1972,1.6015600000000001,1277,6251,DMA
Saint Lucia,1972,1.9212800000000001,1277,6251,LCA
Belize,1972,1.9212800000000001,1277,6245,BLZ
Guyana,1972,1.9212800000000001,1277,6703,GUY
Antigua and Barbuda,1972,1.9212800000000001,1277,6251,ATG
Grenada,1972,1.9212800000000001,1277,6251,GRD
Trinidad and Tobago,1972,0.001785,1277,6249,TTO
Jamaica,1972,2.0872700000000002,1277,6704,JAM
Saint Kitts and Nevis,1972,0.76746,1277,6251,KNA
Haiti,1972,5.0000200000000001,1277,6252,HTI
Dominican Republic,1972,1,1277,6259,DOM
Saint Vincent and the Grenadines,1972,1.9212800000000001,1277,6251,VCT
Bahamas,1972,1.9212800000000001,1277,6250,BHS
Suriname,1972,1.9212800000000001,1277,6248,SUR
Barbados,1972,1,1277,6244,BRB
Dominican Republic,1973,1,1277,6259,DOM
Bahamas,1973,1.95922,1277,6250,BHS
Saint Kitts and Nevis,1973,0.902427,1277,6251,KNA
Haiti,1973,5,1277,6252,HTI
Belize,1973,1.95922,1277,6245,BLZ
Saint Vincent and the Grenadines,1973,1.95922,1277,6251,VCT
Antigua and Barbuda,1973,1.95922,1277,6251,ATG
Grenada,1973,1.95922,1277,6251,GRD
Dominica,1973,1.6326799999999999,1277,6251,DMA
Barbados,1973,1,1277,6244,BRB
Suriname,1973,1.95922,1277,6248,SUR
Trinidad and Tobago,1973,0.001785,1277,6249,TTO
Guyana,1973,1.95922,1277,6703,GUY
Jamaica,1973,2.1061800000000002,1277,6704,JAM
Saint Lucia,1973,1.95922,1277,6251,LCA
Saint Lucia,1974,2.0532300000000001,1277,6251,LCA
Trinidad and Tobago,1974,0.001785,1277,6249,TTO
Dominica,1974,1.7109300000000001,1277,6251,DMA
Suriname,1974,2.0532300000000001,1277,6248,SUR
Guyana,1974,2.0532300000000001,1277,6703,GUY
Saint Vincent and the Grenadines,1974,2.0532300000000001,1277,6251,VCT
Grenada,1974,2.0532300000000001,1277,6251,GRD
Haiti,1974,5,1277,6252,HTI
Dominican Republic,1974,1,1277,6259,DOM
Bahamas,1974,2.0532300000000001,1277,6250,BHS
Jamaica,1974,2.2268599999999999,1277,6704,JAM
Saint Kitts and Nevis,1974,0.90909,1277,6251,KNA
Belize,1974,2.0532300000000001,1277,6245,BLZ
Antigua and Barbuda,1974,2.0532300000000001,1277,6251,ATG
Barbados,1974,1,1277,6244,BRB
Haiti,1975,5,1277,6252,HTI
Trinidad and Tobago,1975,0.001785,1277,6249,TTO
Dominica,1975,1.8080400000000001,1277,6251,DMA
Saint Lucia,1975,2.1697999999999999,1277,6251,LCA
Grenada,1975,2.1697999999999999,1277,6251,GRD
Saint Vincent and the Grenadines,1975,2.1697999999999999,1277,6251,VCT
Saint Kitts and Nevis,1975,0.90909,1277,6251,KNA
Barbados,1975,1,1277,6244,BRB
Bahamas,1975,2.1697999999999999,1277,6250,BHS
Belize,1975,2.0188700000000002,1277,6245,BLZ
Jamaica,1975,2.3553799999999998,1277,6704,JAM
Antigua and Barbuda,1975,2.1697999999999999,1277,6251,ATG
Suriname,1975,2.1697999999999999,1277,6248,SUR
Guyana,1975,2.1697999999999999,1277,6703,GUY
Dominican Republic,1975,1,1277,6259,DOM
Bahamas,1976,2.6146699999999999,1277,6250,BHS
Dominica,1976,2.22567,1277,6251,DMA
Haiti,1976,5,1277,6252,HTI
Saint Kitts and Nevis,1976,0.90909,1277,6251,KNA
Guyana,1976,2.6146699999999999,1277,6703,GUY
Grenada,1976,2.6146699999999999,1277,6251,GRD
Saint Lucia,1976,2.6146699999999999,1277,6251,LCA
Barbados,1976,1,1277,6244,BRB
Antigua and Barbuda,1976,2.6146699999999999,1277,6251,ATG
Suriname,1976,2.6146699999999999,1277,6248,SUR
Jamaica,1976,2.5499999999999999,1277,6704,JAM
Trinidad and Tobago,1976,0.001785,1277,6249,TTO
Saint Vincent and the Grenadines,1976,2.6146699999999999,1277,6251,VCT
Belize,1976,2,1277,6245,BLZ
Dominican Republic,1976,1,1277,6259,DOM
Dominican Republic,1977,1,1277,6259,DOM
Barbados,1977,1,1277,6244,BRB
Saint Lucia,1977,2.7000000000000001,1277,6251,LCA
Belize,1977,2,1277,6245,BLZ
Bahamas,1977,2.7000000000000001,1277,6250,BHS
Dominica,1977,2,1277,6251,DMA
Haiti,1977,5,1277,6252,HTI
Saint Kitts and Nevis,1977,0.90909,1277,6251,KNA
Guyana,1977,2.7000000000000001,1277,6703,GUY
Grenada,1977,2.7000000000000001,1277,6251,GRD
Antigua and Barbuda,1977,2.7000000000000001,1277,6251,ATG
Suriname,1977,2.7000000000000001,1277,6248,SUR
Jamaica,1977,2.5499999999999999,1277,6704,JAM
Trinidad and Tobago,1977,0.001785,1277,6249,TTO
Saint Vincent and the Grenadines,1977,2.7000000000000001,1277,6251,VCT
Dominican Republic,1978,1,1277,6259,DOM
Belize,1978,2,1277,6245,BLZ
Saint Kitts and Nevis,1978,1.4132599999999999,1277,6251,KNA
Saint Lucia,1978,2.7000000000000001,1277,6251,LCA
Trinidad and Tobago,1978,0.001785,1277,6249,TTO
Bahamas,1978,2.7000000000000001,1277,6250,BHS
Dominica,1978,2,1277,6251,DMA
Antigua and Barbuda,1978,2.7000000000000001,1277,6251,ATG
Barbados,1978,1,1277,6244,BRB
Suriname,1978,2.7000000000000001,1277,6248,SUR
Jamaica,1978,2.5499999999999999,1277,6704,JAM
Saint Vincent and the Grenadines,1978,2.7000000000000001,1277,6251,VCT
Haiti,1978,5,1277,6252,HTI
Guyana,1978,2.7000000000000001,1277,6703,GUY
Grenada,1978,2.7000000000000001,1277,6251,GRD
Belize,1979,2,1277,6245,BLZ
Bahamas,1979,2.7000000000000001,1277,6250,BHS
Grenada,1979,2.7000000000000001,1277,6251,GRD
Antigua and Barbuda,1979,2.7000000000000001,1277,6251,ATG
Guyana,1979,2.7000000000000001,1277,6703,GUY
Haiti,1979,5,1277,6252,HTI
Suriname,1979,2.7000000000000001,1277,6248,SUR
Trinidad and Tobago,1979,0.001785,1277,6249,TTO
Saint Lucia,1979,2.7000000000000001,1277,6251,LCA
Saint Kitts and Nevis,1979,1.76478,1277,6251,KNA
Barbados,1979,1,1277,6244,BRB
Dominica,1979,2,1277,6251,DMA
Dominican Republic,1979,1,1277,6259,DOM
Jamaica,1979,2.5499999999999999,1277,6704,JAM
Saint Vincent and the Grenadines,1979,2.7000000000000001,1277,6251,VCT
Saint Vincent and the Grenadines,1980,2.7000000000000001,1277,6251,VCT
Cuba,1980,1,1277,6258,CUB
Guyana,1980,2.5499999999999999,1277,6703,GUY
Grenada,1980,2.7000000000000001,1277,6251,GRD
Trinidad and Tobago,1980,2.3999999999999999,1277,6249,TTO
Jamaica,1980,1.78142,1277,6704,JAM
Bahamas,1980,1,1277,6250,BHS
Dominica,1980,2.7000000000000001,1277,6251,DMA
Barbados,1980,2,1277,6244,BRB
Antigua and Barbuda,1980,2.7000000000000001,1277,6251,ATG
Belize,1980,2,1277,6245,BLZ
Saint Lucia,1980,2.7000000000000001,1277,6251,LCA
Saint Kitts and Nevis,1980,2.7000000000000001,1277,6251,KNA
Haiti,1980,5,1277,6252,HTI
Suriname,1980,0.001785,1277,6248,SUR
Dominican Republic,1980,1,1277,6259,DOM
Haiti,1981,5,1277,6252,HTI
Belize,1981,2,1277,6245,BLZ
Dominican Republic,1981,1,1277,6259,DOM
Barbados,1981,2,1277,6244,BRB
Antigua and Barbuda,1981,2.7000000000000001,1277,6251,ATG
Dominica,1981,2.7000000000000001,1277,6251,DMA
Trinidad and Tobago,1981,2.3999999999999999,1277,6249,TTO
Saint Lucia,1981,2.7000000000000001,1277,6251,LCA
Grenada,1981,2.7000000000000001,1277,6251,GRD
Bahamas,1981,1,1277,6250,BHS
Jamaica,1981,1.78142,1277,6704,JAM
Guyana,1981,2.8125,1277,6703,GUY
Saint Kitts and Nevis,1981,2.7000000000000001,1277,6251,KNA
Cuba,1981,1,1277,6258,CUB
Saint Vincent and the Grenadines,1981,2.7000000000000001,1277,6251,VCT
Suriname,1981,0.001785,1277,6248,SUR
Saint Kitts and Nevis,1982,2.7000000000000001,1277,6251,KNA
Cuba,1982,1,1277,6258,CUB
Haiti,1982,5,1277,6252,HTI
Saint Lucia,1982,2.7000000000000001,1277,6251,LCA
Belize,1982,2,1277,6245,BLZ
Bahamas,1982,1,1277,6250,BHS
Trinidad and Tobago,1982,2.3999999999999999,1277,6249,TTO
Saint Vincent and the Grenadines,1982,2.7000000000000001,1277,6251,VCT
Jamaica,1982,1.78142,1277,6704,JAM
Antigua and Barbuda,1982,2.7000000000000001,1277,6251,ATG
Dominica,1982,2.7000000000000001,1277,6251,DMA
Barbados,1982,2,1277,6244,BRB
Dominican Republic,1982,1,1277,6259,DOM
Guyana,1982,3,1277,6703,GUY
Suriname,1982,0.001785,1277,6248,SUR
Grenada,1982,2.7000000000000001,1277,6251,GRD
Dominican Republic,1983,1,1277,6259,DOM
Saint Kitts and Nevis,1983,2.7000000000000001,1277,6251,KNA
Dominica,1983,2.7000000000000001,1277,6251,DMA
Jamaica,1983,1.93222,1277,6704,JAM
Antigua and Barbuda,1983,2.7000000000000001,1277,6251,ATG
Barbados,1983,2,1277,6244,BRB
Saint Vincent and the Grenadines,1983,2.7000000000000001,1277,6251,VCT
Bahamas,1983,1,1277,6250,BHS
Trinidad and Tobago,1983,2.3999999999999999,1277,6249,TTO
Haiti,1983,5,1277,6252,HTI
Grenada,1983,2.7000000000000001,1277,6251,GRD
Belize,1983,2,1277,6245,BLZ
Guyana,1983,3,1277,6703,GUY
Cuba,1983,1,1277,6258,CUB
Suriname,1983,0.001785,1277,6248,SUR
Saint Lucia,1983,2.7000000000000001,1277,6251,LCA
Belize,1984,2,1277,6245,BLZ
Trinidad and Tobago,1984,2.3999999999999999,1277,6249,TTO
Dominican Republic,1984,1,1277,6259,DOM
Dominica,1984,2.7000000000000001,1277,6251,DMA
Bahamas,1984,1,1277,6250,BHS
Cuba,1984,1,1277,6258,CUB
Guyana,1984,3.8315700000000001,1277,6703,GUY
Saint Lucia,1984,2.7000000000000001,1277,6251,LCA
Barbados,1984,2,1277,6244,BRB
Antigua and Barbuda,1984,2.7000000000000001,1277,6251,ATG
Suriname,1984,0.001785,1277,6248,SUR
Jamaica,1984,3.9428000000000001,1277,6704,JAM
Saint Vincent and the Grenadines,1984,2.7000000000000001,1277,6251,VCT
Haiti,1984,5,1277,6252,HTI
Saint Kitts and Nevis,1984,2.7000000000000001,1277,6251,KNA
Grenada,1984,2.7000000000000001,1277,6251,GRD
Antigua and Barbuda,1985,2.7000000000000001,1277,6251,ATG
Suriname,1985,0.001785,1277,6248,SUR
Barbados,1985,2,1277,6244,BRB
Saint Kitts and Nevis,1985,2.7000000000000001,1277,6251,KNA
Grenada,1985,2.7000000000000001,1277,6251,GRD
Haiti,1985,5,1277,6252,HTI
Dominican Republic,1985,3.1126100000000001,1277,6259,DOM
Dominica,1985,2.7000000000000001,1277,6251,DMA
Bahamas,1985,1,1277,6250,BHS
Cuba,1985,1,1277,6258,CUB
Jamaica,1985,5.55856,1277,6704,JAM
Belize,1985,2,1277,6245,BLZ
Trinidad and Tobago,1985,2.4500000000000002,1277,6249,TTO
Guyana,1985,4.2518500000000001,1277,6703,GUY
Saint Vincent and the Grenadines,1985,2.7000000000000001,1277,6251,VCT
Saint Lucia,1985,2.7000000000000001,1277,6251,LCA
Guyana,1986,4.2724200000000004,1277,6703,GUY
Bahamas,1986,1,1277,6250,BHS
Cuba,1986,1,1277,6258,CUB
Jamaica,1986,5.47783,1277,6704,JAM
Dominican Republic,1986,2.9043299999999999,1277,6259,DOM
Dominica,1986,2.7000000000000001,1277,6251,DMA
Belize,1986,2,1277,6245,BLZ
Saint Kitts and Nevis,1986,2.7000000000000001,1277,6251,KNA
Haiti,1986,5,1277,6252,HTI
Trinidad and Tobago,1986,3.6000000000000001,1277,6249,TTO
Antigua and Barbuda,1986,2.7000000000000001,1277,6251,ATG
Grenada,1986,2.7000000000000001,1277,6251,GRD
Barbados,1986,2,1277,6244,BRB
Suriname,1986,0.001785,1277,6248,SUR
Saint Lucia,1986,2.7000000000000001,1277,6251,LCA
Saint Vincent and the Grenadines,1986,2.7000000000000001,1277,6251,VCT
Saint Lucia,1987,2.7000000000000001,1277,6251,LCA
Grenada,1987,2.7000000000000001,1277,6251,GRD
Belize,1987,2,1277,6245,BLZ
Dominica,1987,2.7000000000000001,1277,6251,DMA
Cuba,1987,1,1277,6258,CUB
Saint Vincent and the Grenadines,1987,2.7000000000000001,1277,6251,VCT
Bahamas,1987,1,1277,6250,BHS
Guyana,1987,9.7558299999999995,1277,6703,GUY
Dominican Republic,1987,3.84476,1277,6259,DOM
Barbados,1987,2,1277,6244,BRB
Jamaica,1987,5.4866700000000002,1277,6704,JAM
Trinidad and Tobago,1987,3.6000000000000001,1277,6249,TTO
Suriname,1987,0.001785,1277,6248,SUR
Haiti,1987,5,1277,6252,HTI
Saint Kitts and Nevis,1987,2.7000000000000001,1277,6251,KNA
Antigua and Barbuda,1987,2.7000000000000001,1277,6251,ATG
Suriname,1988,0.001785,1277,6248,SUR
Bahamas,1988,1,1277,6250,BHS
Barbados,1988,2,1277,6244,BRB
Saint Vincent and the Grenadines,1988,2.7000000000000001,1277,6251,VCT
Trinidad and Tobago,1988,3.84375,1277,6249,TTO
Cuba,1988,1,1277,6258,CUB
Guyana,1988,10,1277,6703,GUY
Antigua and Barbuda,1988,2.7000000000000001,1277,6251,ATG
Grenada,1988,2.7000000000000001,1277,6251,GRD
Saint Lucia,1988,2.7000000000000001,1277,6251,LCA
Dominica,1988,2.7000000000000001,1277,6251,DMA
Haiti,1988,5,1277,6252,HTI
Jamaica,1988,5.4885500000000001,1277,6704,JAM
Dominican Republic,1988,6.11252,1277,6259,DOM
Saint Kitts and Nevis,1988,2.7000000000000001,1277,6251,KNA
Belize,1988,2,1277,6245,BLZ
Dominican Republic,1989,6.3399999999999999,1277,6259,DOM
Haiti,1989,5,1277,6252,HTI
Dominica,1989,2.7000000000000001,1277,6251,DMA
Jamaica,1989,5.7446400000000004,1277,6704,JAM
Belize,1989,2,1277,6245,BLZ
Saint Lucia,1989,2.7000000000000001,1277,6251,LCA
Guyana,1989,27.1587,1277,6703,GUY
Antigua and Barbuda,1989,2.7000000000000001,1277,6251,ATG
Grenada,1989,2.7000000000000001,1277,6251,GRD
Trinidad and Tobago,1989,4.25,1277,6249,TTO
Cuba,1989,1,1277,6258,CUB
Barbados,1989,2,1277,6244,BRB
Saint Vincent and the Grenadines,1989,2.7000000000000001,1277,6251,VCT
Suriname,1989,0.001785,1277,6248,SUR
Bahamas,1989,1,1277,6250,BHS
Saint Kitts and Nevis,1989,2.7000000000000001,1277,6251,KNA
Dominican Republic,1990,8.5252999999999996,1277,6259,DOM
Bahamas,1990,1,1277,6250,BHS
Cuba,1990,1,1277,6258,CUB
Saint Vincent and the Grenadines,1990,2.7000000000000001,1277,6251,VCT
Antigua and Barbuda,1990,2.7000000000000001,1277,6251,ATG
Haiti,1990,5,1277,6252,HTI
Suriname,1990,0.001785,1277,6248,SUR
Barbados,1990,2,1277,6244,BRB
Jamaica,1990,7.1840299999999999,1277,6704,JAM
Grenada,1990,2.7000000000000001,1277,6251,GRD
Trinidad and Tobago,1990,4.25,1277,6249,TTO
Guyana,1990,39.533299999999997,1277,6703,GUY
Dominica,1990,2.7000000000000001,1277,6251,DMA
Belize,1990,2,1277,6245,BLZ
Saint Lucia,1990,2.7000000000000001,1277,6251,LCA
Saint Kitts and Nevis,1990,2.7000000000000001,1277,6251,KNA
Suriname,1991,0.001785,1277,6248,SUR
Belize,1991,2,1277,6245,BLZ
Trinidad and Tobago,1991,4.25,1277,6249,TTO
Guyana,1991,111.81100000000001,1277,6703,GUY
Grenada,1991,2.7000000000000001,1277,6251,GRD
Antigua and Barbuda,1991,2.7000000000000001,1277,6251,ATG
Saint Lucia,1991,2.7000000000000001,1277,6251,LCA
Bahamas,1991,1,1277,6250,BHS
Cuba,1991,1,1277,6258,CUB
Dominican Republic,1991,12.692399999999999,1277,6259,DOM
Barbados,1991,2,1277,6244,BRB
Jamaica,1991,12.1159,1277,6704,JAM
Haiti,1991,6.0341699999999996,1277,6252,HTI
Saint Kitts and Nevis,1991,2.7000000000000001,1277,6251,KNA
Saint Vincent and the Grenadines,1991,2.7000000000000001,1277,6251,VCT
Dominica,1991,2.7000000000000001,1277,6251,DMA
Bahamas,1992,1,1277,6250,BHS
Barbados,1992,2,1277,6244,BRB
Haiti,1992,9.8016699999999996,1277,6252,HTI
Suriname,1992,0.001785,1277,6248,SUR
Guyana,1992,125.002,1277,6703,GUY
Cuba,1992,1,1277,6258,CUB
Belize,1992,2,1277,6245,BLZ
Dominican Republic,1992,12.7742,1277,6259,DOM
Dominica,1992,2.7000000000000001,1277,6251,DMA
Antigua and Barbuda,1992,2.7000000000000001,1277,6251,ATG
Trinidad and Tobago,1992,4.25,1277,6249,TTO
Saint Kitts and Nevis,1992,2.7000000000000001,1277,6251,KNA
Grenada,1992,2.7000000000000001,1277,6251,GRD
Jamaica,1992,22.9603,1277,6704,JAM
Saint Lucia,1992,2.7000000000000001,1277,6251,LCA
Saint Vincent and the Grenadines,1992,2.7000000000000001,1277,6251,VCT
Bahamas,1993,1,1277,6250,BHS
Saint Kitts and Nevis,1993,2.7000000000000001,1277,6251,KNA
Dominica,1993,2.7000000000000001,1277,6251,DMA
Cuba,1993,1,1277,6258,CUB
Dominican Republic,1993,12.675800000000001,1277,6259,DOM
Suriname,1993,0.001785,1277,6248,SUR
Guyana,1993,126.73,1277,6703,GUY
Haiti,1993,12.8225,1277,6252,HTI
Saint Lucia,1993,2.7000000000000001,1277,6251,LCA
Belize,1993,2,1277,6245,BLZ
Trinidad and Tobago,1993,5.3510999999999998,1277,6249,TTO
Grenada,1993,2.7000000000000001,1277,6251,GRD
Jamaica,1993,24.948599999999999,1277,6704,JAM
Antigua and Barbuda,1993,2.7000000000000001,1277,6251,ATG
Saint Vincent and the Grenadines,1993,2.7000000000000001,1277,6251,VCT
Barbados,1993,2,1277,6244,BRB
Saint Vincent and the Grenadines,1994,2.7000000000000001,1277,6251,VCT
Grenada,1994,2.7000000000000001,1277,6251,GRD
Saint Kitts and Nevis,1994,2.7000000000000001,1277,6251,KNA
Belize,1994,2,1277,6245,BLZ
Haiti,1994,15.039999999999999,1277,6252,HTI
Dominican Republic,1994,13.1601,1277,6259,DOM
Trinidad and Tobago,1994,5.9249299999999998,1277,6249,TTO
Suriname,1994,0.222461,1277,6248,SUR
Cuba,1994,1,1277,6258,CUB
Guyana,1994,138.28999999999999,1277,6703,GUY
Antigua and Barbuda,1994,2.7000000000000001,1277,6251,ATG
Bahamas,1994,1,1277,6250,BHS
Barbados,1994,2,1277,6244,BRB
Dominica,1994,2.7000000000000001,1277,6251,DMA
Saint Lucia,1994,2.7000000000000001,1277,6251,LCA
Jamaica,1994,33.085900000000002,1277,6704,JAM
Antigua and Barbuda,1995,2.7000000000000001,1277,6251,ATG
Barbados,1995,2,1277,6244,BRB
Dominica,1995,2.7000000000000001,1277,6251,DMA
Suriname,1995,0.442772,1277,6248,SUR
Guyana,1995,141.989,1277,6703,GUY
Cuba,1995,1,1277,6258,CUB
Bahamas,1995,1,1277,6250,BHS
Haiti,1995,15.1097,1277,6252,HTI
Dominican Republic,1995,13.5974,1277,6259,DOM
Belize,1995,2,1277,6245,BLZ
Trinidad and Tobago,1995,5.9478,1277,6249,TTO
Saint Vincent and the Grenadines,1995,2.7000000000000001,1277,6251,VCT
Grenada,1995,2.7000000000000001,1277,6251,GRD
Jamaica,1995,35.142099999999999,1277,6704,JAM
Saint Lucia,1995,2.7000000000000001,1277,6251,LCA
Saint Kitts and Nevis,1995,2.7000000000000001,1277,6251,KNA
Jamaica,1996,37.119599999999998,1277,6704,JAM
Haiti,1996,15.7011,1277,6252,HTI
Trinidad and Tobago,1996,6.0050699999999999,1277,6249,TTO
Barbados,1996,2,1277,6244,BRB
Guyana,1996,140.375,1277,6703,GUY
Dominica,1996,2.7000000000000001,1277,6251,DMA
Suriname,1996,0.401018,1277,6248,SUR
Antigua and Barbuda,1996,2.7000000000000001,1277,6251,ATG
Belize,1996,2,1277,6245,BLZ
Cuba,1996,1,1277,6258,CUB
Saint Kitts and Nevis,1996,2.7000000000000001,1277,6251,KNA
Dominican Republic,1996,13.7746,1277,6259,DOM
Bahamas,1996,1,1277,6250,BHS
Saint Vincent and the Grenadines,1996,2.7000000000000001,1277,6251,VCT
Grenada,1996,2.7000000000000001,1277,6251,GRD
Saint Lucia,1996,2.7000000000000001,1277,6251,LCA
Bahamas,1997,1,1277,6250,BHS
Saint Kitts and Nevis,1997,2.7000000000000001,1277,6251,KNA
Suriname,1997,0.401566,1277,6248,SUR
Antigua and Barbuda,1997,2.7000000000000001,1277,6251,ATG
Guyana,1997,142.40100000000001,1277,6703,GUY
Jamaica,1997,35.404499999999999,1277,6704,JAM
Haiti,1997,16.654499999999999,1277,6252,HTI
Trinidad and Tobago,1997,6.2516800000000004,1277,6249,TTO
Barbados,1997,2,1277,6244,BRB
Dominica,1997,2.7000000000000001,1277,6251,DMA
Belize,1997,2,1277,6245,BLZ
Saint Lucia,1997,2.7000000000000001,1277,6251,LCA
Cuba,1997,1,1277,6258,CUB
Dominican Republic,1997,14.265499999999999,1277,6259,DOM
Saint Vincent and the Grenadines,1997,2.7000000000000001,1277,6251,VCT
Grenada,1997,2.7000000000000001,1277,6251,GRD
Haiti,1998,16.765699999999999,1277,6252,HTI
Dominican Republic,1998,15.2666,1277,6259,DOM
Barbados,1998,2,1277,6244,BRB
Antigua and Barbuda,1998,2.7000000000000001,1277,6251,ATG
Saint Lucia,1998,2.7000000000000001,1277,6251,LCA
Bahamas,1998,1,1277,6250,BHS
Cuba,1998,1,1277,6258,CUB
Saint Vincent and the Grenadines,1998,2.7000000000000001,1277,6251,VCT
Belize,1998,2,1277,6245,BLZ
Trinidad and Tobago,1998,6.2983099999999999,1277,6249,TTO
Dominica,1998,2.7000000000000001,1277,6251,DMA
Saint Kitts and Nevis,1998,2.7000000000000001,1277,6251,KNA
Grenada,1998,2.7000000000000001,1277,6251,GRD
Guyana,1998,150.51900000000001,1277,6703,GUY
Suriname,1998,0.401606,1277,6248,SUR
Jamaica,1998,36.549999999999997,1277,6704,JAM
Guyana,1999,177.995,1277,6703,GUY
Dominica,1999,2.7000000000000001,1277,6251,DMA
Saint Kitts and Nevis,1999,2.7000000000000001,1277,6251,KNA
Dominican Republic,1999,16.033100000000001,1277,6259,DOM
Haiti,1999,16.937899999999999,1277,6252,HTI
Trinidad and Tobago,1999,6.2988999999999997,1277,6249,TTO
Belize,1999,2,1277,6245,BLZ
Saint Vincent and the Grenadines,1999,2.7000000000000001,1277,6251,VCT
Saint Lucia,1999,2.7000000000000001,1277,6251,LCA
Bahamas,1999,1,1277,6250,BHS
Cuba,1999,1,1277,6258,CUB
Barbados,1999,2,1277,6244,BRB
Antigua and Barbuda,1999,2.7000000000000001,1277,6251,ATG
Suriname,1999,0.834084,1277,6248,SUR
Grenada,1999,2.7000000000000001,1277,6251,GRD
Jamaica,1999,39.043500000000002,1277,6704,JAM
Belize,2000,2,1277,6245,BLZ
Cuba,2000,1,1277,6258,CUB
Grenada,2000,2.7000000000000001,1277,6251,GRD
Dominican Republic,2000,16.414999999999999,1277,6259,DOM
Barbados,2000,2,1277,6244,BRB
Saint Lucia,2000,2.7000000000000001,1277,6251,LCA
Saint Kitts and Nevis,2000,2.7000000000000001,1277,6251,KNA
Guyana,2000,182.43000000000001,1277,6703,GUY
Trinidad and Tobago,2000,6.2998000000000003,1277,6249,TTO
Haiti,2000,21.1707,1277,6252,HTI
Bahamas,2000,1,1277,6250,BHS
Jamaica,2000,42.985700000000001,1277,6704,JAM
Saint Vincent and the Grenadines,2000,2.7000000000000001,1277,6251,VCT
Suriname,2000,1.3224899999999999,1277,6248,SUR
Antigua and Barbuda,2000,2.7000000000000001,1277,6251,ATG
Dominica,2000,2.7000000000000001,1277,6251,DMA
Suriname,2001,2.1781799999999998,1277,6248,SUR
Haiti,2001,24.429099999999998,1277,6252,HTI
Bahamas,2001,1,1277,6250,BHS
Jamaica,2001,45.996200000000002,1277,6704,JAM
Saint Vincent and the Grenadines,2001,2.7000000000000001,1277,6251,VCT
Dominica,2001,2.7000000000000001,1277,6251,DMA
Guyana,2001,187.321,1277,6703,GUY
Grenada,2001,2.7000000000000001,1277,6251,GRD
Saint Kitts and Nevis,2001,2.7000000000000001,1277,6251,KNA
Trinidad and Tobago,2001,6.2332200000000002,1277,6249,TTO
Dominican Republic,2001,16.951599999999999,1277,6259,DOM
Barbados,2001,2,1277,6244,BRB
Saint Lucia,2001,2.7000000000000001,1277,6251,LCA
Cuba,2001,1,1277,6258,CUB
Antigua and Barbuda,2001,2.7000000000000001,1277,6251,ATG
Belize,2001,2,1277,6245,BLZ
Saint Vincent and the Grenadines,2002,2.7000000000000001,1277,6251,VCT
Cuba,2002,1,1277,6258,CUB
Belize,2002,2,1277,6245,BLZ
Barbados,2002,2,1277,6244,BRB
Jamaica,2002,48.415900000000001,1277,6704,JAM
Trinidad and Tobago,2002,6.2486800000000002,1277,6249,TTO
Saint Kitts and Nevis,2002,2.7000000000000001,1277,6251,KNA
Dominican Republic,2002,18.6098,1277,6259,DOM
Dominica,2002,2.7000000000000001,1277,6251,DMA
Grenada,2002,2.7000000000000001,1277,6251,GRD
Bahamas,2002,1,1277,6250,BHS
Suriname,2002,2.3467500000000001,1277,6248,SUR
Haiti,2002,29.250499999999999,1277,6252,HTI
Antigua and Barbuda,2002,2.7000000000000001,1277,6251,ATG
Guyana,2002,190.66499999999999,1277,6703,GUY
Saint Lucia,2002,2.7000000000000001,1277,6251,LCA
Saint Vincent and the Grenadines,2003,2.7000000000000001,1277,6251,VCT
Haiti,2003,42.366799999999998,1277,6252,HTI
Grenada,2003,2.7000000000000001,1277,6251,GRD
Suriname,2003,2.6013299999999999,1277,6248,SUR
Bahamas,2003,1,1277,6250,BHS
Guyana,2003,193.87799999999999,1277,6703,GUY
Dominica,2003,2.7000000000000001,1277,6251,DMA
Dominican Republic,2003,30.8307,1277,6259,DOM
Saint Kitts and Nevis,2003,2.7000000000000001,1277,6251,KNA
Saint Lucia,2003,2.7000000000000001,1277,6251,LCA
Jamaica,2003,57.740900000000003,1277,6704,JAM
Trinidad and Tobago,2003,6.2950999999999997,1277,6249,TTO
Belize,2003,2,1277,6245,BLZ
Barbados,2003,2,1277,6244,BRB
Cuba,2003,1,1277,6258,CUB
Antigua and Barbuda,2003,2.7000000000000001,1277,6251,ATG
Barbados,2004,2,1277,6244,BRB
Trinidad and Tobago,2004,6.2989899999999999,1277,6249,TTO
Antigua and Barbuda,2004,2.7000000000000001,1277,6251,ATG
Belize,2004,2,1277,6245,BLZ
Dominican Republic,2004,42.119700000000002,1277,6259,DOM
Grenada,2004,2.7000000000000001,1277,6251,GRD
Guyana,2004,198.30699999999999,1277,6703,GUY
Bahamas,2004,1,1277,6250,BHS
Dominica,2004,2.7000000000000001,1277,6251,DMA
Suriname,2004,2.7335799999999999,1277,6248,SUR
Haiti,2004,38.351999999999997,1277,6252,HTI
Saint Vincent and the Grenadines,2004,2.7000000000000001,1277,6251,VCT
Saint Kitts and Nevis,2004,2.7000000000000001,1277,6251,KNA
Jamaica,2004,61.197200000000002,1277,6704,JAM
Cuba,2004,1,1277,6258,CUB
Saint Lucia,2004,2.7000000000000001,1277,6251,LCA
Barbados,2005,2,1277,6244,BRB
Guyana,2005,199.875,1277,6703,GUY
Grenada,2005,2.7000000000000001,1277,6251,GRD
Cuba,2005,1,1277,6258,CUB
Jamaica,2005,62.280700000000003,1277,6704,JAM
Suriname,2005,2.7316699999999998,1277,6248,SUR
Haiti,2005,40.448599999999999,1277,6252,HTI
Saint Vincent and the Grenadines,2005,2.7000000000000001,1277,6251,VCT
Bahamas,2005,1,1277,6250,BHS
Saint Kitts and Nevis,2005,2.7000000000000001,1277,6251,KNA
Dominican Republic,2005,30.409400000000002,1277,6259,DOM
Belize,2005,2,1277,6245,BLZ
Antigua and Barbuda,2005,2.7000000000000001,1277,6251,ATG
Saint Lucia,2005,2.7000000000000001,1277,6251,LCA
Dominica,2005,2.7000000000000001,1277,6251,DMA
Trinidad and Tobago,2005,6.2995599999999996,1277,6249,TTO
Saint Vincent and the Grenadines,2006,2.7000000000000001,1277,6251,VCT
Cuba,2006,1,1277,6258,CUB
Guyana,2006,200.18799999999999,1277,6703,GUY
Saint Lucia,2006,2.7000000000000001,1277,6251,LCA
Antigua and Barbuda,2006,2.7000000000000001,1277,6251,ATG
Bahamas,2006,1,1277,6250,BHS
Belize,2006,2,1277,6245,BLZ
Suriname,2006,2.7437499999999999,1277,6248,SUR
Dominican Republic,2006,33.364800000000002,1277,6259,DOM
Trinidad and Tobago,2006,6.3122800000000004,1277,6249,TTO
Jamaica,2006,65.743899999999996,1277,6704,JAM
Saint Kitts and Nevis,2006,2.7000000000000001,1277,6251,KNA
Dominica,2006,2.7000000000000001,1277,6251,DMA
Haiti,2006,40.408499999999997,1277,6252,HTI
Grenada,2006,2.7000000000000001,1277,6251,GRD
Barbados,2006,2,1277,6244,BRB
Grenada,2007,2.7000000000000001,1277,6251,GRD
Barbados,2007,2,1277,6244,BRB
Saint Vincent and the Grenadines,2007,2.7000000000000001,1277,6251,VCT
Guyana,2007,202.34700000000001,1277,6703,GUY
Cuba,2007,1,1277,6258,CUB
Saint Lucia,2007,2.7000000000000001,1277,6251,LCA
Antigua and Barbuda,2007,2.7000000000000001,1277,6251,ATG
Bahamas,2007,1,1277,6250,BHS
Dominican Republic,2007,33.262799999999999,1277,6259,DOM
Haiti,2007,36.861400000000003,1277,6252,HTI
Suriname,2007,2.7450000000000001,1277,6248,SUR
Belize,2007,2,1277,6245,BLZ
Saint Kitts and Nevis,2007,2.7000000000000001,1277,6251,KNA
Dominica,2007,2.7000000000000001,1277,6251,DMA
Jamaica,2007,69.1922,1277,6704,JAM
Trinidad and Tobago,2007,6.3280300000000001,1277,6249,TTO
Dominican Republic,2008,34.6235,1277,6259,DOM
Dominica,2008,2.7000000000000001,1277,6251,DMA
Trinidad and Tobago,2008,6.2894300000000003,1277,6249,TTO
Barbados,2008,2,1277,6244,BRB
Suriname,2008,2.7450000000000001,1277,6248,SUR
Saint Vincent and the Grenadines,2008,2.7000000000000001,1277,6251,VCT
Antigua and Barbuda,2008,2.7000000000000001,1277,6251,ATG
Cuba,2008,1,1277,6258,CUB
Haiti,2008,39.107599999999998,1277,6252,HTI
Saint Lucia,2008,2.7000000000000001,1277,6251,LCA
Saint Kitts and Nevis,2008,2.7000000000000001,1277,6251,KNA
Bahamas,2008,1,1277,6250,BHS
Jamaica,2008,72.756200000000007,1277,6704,JAM
Guyana,2008,203.63300000000001,1277,6703,GUY
Belize,2008,2,1277,6245,BLZ
Grenada,2008,2.7000000000000001,1277,6251,GRD
Belize,2009,2,1277,6245,BLZ
Jamaica,2009,87.894099999999995,1277,6704,JAM
Cuba,2009,1,1277,6258,CUB
Saint Vincent and the Grenadines,2009,2.7000000000000001,1277,6251,VCT
Bahamas,2009,1,1277,6250,BHS
Haiti,2009,41.197600000000001,1277,6252,HTI
Saint Kitts and Nevis,2009,2.7000000000000001,1277,6251,KNA
Antigua and Barbuda,2009,2.7000000000000001,1277,6251,ATG
Dominican Republic,2009,36.026800000000001,1277,6259,DOM
Grenada,2009,2.7000000000000001,1277,6251,GRD
Saint Lucia,2009,2.7000000000000001,1277,6251,LCA
Barbados,2009,2,1277,6244,BRB
Trinidad and Tobago,2009,6.3249100000000001,1277,6249,TTO
Guyana,2009,203.94999999999999,1277,6703,GUY
Dominica,2009,2.7000000000000001,1277,6251,DMA
Suriname,2009,2.7450000000000001,1277,6248,SUR
Barbados,2010,2,1277,6244,BRB
Dominica,2010,2.7000000000000001,1277,6251,DMA
Suriname,2010,2.74541666666667,1277,6248,SUR
Saint Lucia,2010,2.7000000000000001,1277,6251,LCA
Antigua and Barbuda,2010,2.7000000000000001,1277,6251,ATG
Belize,2010,2,1277,6245,BLZ
Grenada,2010,2.7000000000000001,1277,6251,GRD
Cuba,2010,1,1277,6258,CUB
Dominican Republic,2010,36.875466666666703,1277,6259,DOM
Bahamas,2010,1,1277,6250,BHS
Guyana,2010,203.63583333333301,1277,6703,GUY
Saint Kitts and Nevis,2010,2.7000000000000001,1277,6251,KNA
Trinidad and Tobago,2010,6.3755083333333298,1277,6249,TTO
Jamaica,2010,87.196133333333293,1277,6704,JAM
Haiti,2010,39.797400000000003,1277,6252,HTI
Saint Vincent and the Grenadines,2010,2.7000000000000001,1277,6251,VCT
Grenada,2011,2.7000000000000001,1277,6251,GRD
Trinidad and Tobago,2011,6.40930070568578,1277,6249,TTO
Bahamas,2011,1,1277,6250,BHS
Dominican Republic,2011,38.231558748196299,1277,6259,DOM
Cuba,2011,1,1277,6258,CUB
Saint Kitts and Nevis,2011,2.7000000000000001,1277,6251,KNA
Jamaica,2011,85.892458333333295,1277,6704,JAM
Guyana,2011,204.01750000000001,1277,6703,GUY
Saint Lucia,2011,2.7000000000000001,1277,6251,LCA
Antigua and Barbuda,2011,2.7000000000000001,1277,6251,ATG
Belize,2011,2,1277,6245,BLZ
Suriname,2011,3.2679999999999998,1277,6248,SUR
Barbados,2011,2,1277,6244,BRB
Saint Vincent and the Grenadines,2011,2.7000000000000001,1277,6251,VCT
Haiti,2011,40.522821939374403,1277,6252,HTI
Dominica,2011,2.7000000000000001,1277,6251,DMA
Dominican Republic,2012,39.335658333333299,1277,6259,DOM
Barbados,2012,2,1277,6244,BRB
Saint Kitts and Nevis,2012,2.7000000000000001,1277,6251,KNA
Bahamas,2012,1,1277,6250,BHS
Trinidad and Tobago,2012,6.41583666666667,1277,6249,TTO
Grenada,2012,2.7000000000000001,1277,6251,GRD
Saint Vincent and the Grenadines,2012,2.7000000000000001,1277,6251,VCT
Dominica,2012,2.7000000000000001,1277,6251,DMA
Haiti,2012,41.833379999999998,1277,6252,HTI
Belize,2012,2,1277,6245,BLZ
Suriname,2012,3.2999999999999998,1277,6248,SUR
Cuba,2012,1,1277,6258,CUB
Antigua and Barbuda,2012,2.7000000000000001,1277,6251,ATG
Jamaica,2012,88.750941666666705,1277,6704,JAM
Guyana,2012,204.34181818181801,1277,6703,GUY
Saint Lucia,2012,2.7000000000000001,1277,6251,LCA
